api,grade,afsc,aircraft,unit,state,location,conus
6,4,11F3Y,General,36 OPERATIONS SUPPORT SQUADRON,TX,ANDERSEN,CONUS
0,5,11F4H,F-16,ANG READINESS - FOA (OL VAAR),TX,ARLINGTON,CONUS
0,6,11F4B,A-10,ANG READINESS - FOA (OL VAAR),TX,ARLINGTON,CONUS
8,4,11F4H,F-16,ANG READINESS - FOA,TX,JB ANDREWS,CONUS
8,5,11F4J,F-22,ANG READINESS - FOA,TX,JB ANDREWS,CONUS
8,6,11F4H,F-16,ANG READINESS - FOA,TX,JB ANDREWS,CONUS
0,5,12F4Y,General,AFELM JCS MCA - OTHER JCS ACTIVITY (OL EWY),TX,NEW YORK,CONUS
6,4,11F3N,F-35,AFELM DCMA,TX,CAMERI,CONUS
1,4,11F3F,F-15,AFELM DCMA,TX,GIMHAE INTL,CONUS
1,3,11F3F,F-15,AFELM DCMA,TX,ST LOUIS,CONUS
2,4,12F3F,F-15E WSO,AFELM DCMA,TX,ST LOUIS,CONUS
1,3,11F3H,F-16,AFELM DCMA,TX,FT WORTH,CONUS
1,4,11F3N,F-35,AFELM DCMA,TX,FT WORTH,CONUS
6,5,11F3H,F-16,AFELM DCMA,TX,FT WORTH,CONUS
4,5,11F4Y,General,AFELM ARMY WAR COL ELEMENT,TX,CARLISLE BARRACKS,CONUS
4,6,12F4Y,General,AFELM ARMY WAR COL ELEMENT,TX,CARLISLE BARRACKS,CONUS
6,3,11F3H,F-16,31 FIGHTER WING,TX,AVIANO,OCONUS
6,4,11F3Y,General,31 FIGHTER WING,TX,AVIANO,OCONUS
6,2,11F3H,F-16,31 OPERATIONS SUPPORT SQUADRON,TX,AVIANO,OCONUS
6,3,11F3H,F-16,31 OPERATIONS SUPPORT SQUADRON,TX,AVIANO,OCONUS
6,4,11F3H,F-16,31 OPERATIONS SUPPORT SQUADRON,TX,AVIANO,OCONUS
6,5,11F3Y,General,31 OPERATIONS SUPPORT SQUADRON,TX,AVIANO,OCONUS
6,4,11F3H,F-16,31 OPERATIONS GROUP,TX,AVIANO,OCONUS
6,5,11F3H,F-16,31 OPERATIONS GROUP,TX,AVIANO,OCONUS
1,2,11F3H,F-16,510 FIGHTER SQUADRON,TX,AVIANO,OCONUS
1,3,11F3H,F-16,510 FIGHTER SQUADRON,TX,AVIANO,OCONUS
1,4,11F3H,F-16,510 FIGHTER SQUADRON,TX,AVIANO,OCONUS
6,5,11F3H,F-16,510 FIGHTER SQUADRON,TX,AVIANO,OCONUS
1,2,11F3H,F-16,555 FIGHTER SQUADRON,TX,AVIANO,OCONUS
1,3,11F3H,F-16,555 FIGHTER SQUADRON,TX,AVIANO,OCONUS
1,4,11F3H,F-16,555 FIGHTER SQUADRON,TX,AVIANO,OCONUS
6,5,11F3H,F-16,555 FIGHTER SQUADRON,TX,AVIANO,OCONUS
4,4,11F4Y,General,DEPLOYABLE AIR C2 CENTER (OL CA5),TX,POGGIO RENATICO,CONUS
3,5,11F3Y,General,548 COMBAT TRAINING SQUADRON,TX,FT POLK,CONUS
6,3,11F3B,A-10,548 COMBAT TRAINING SQUADRON (DET 1),TX,BARKSDALE,CONUS
6,5,11F3B,A-10,548 COMBAT TRAINING SQUADRON (DET 1),TX,BARKSDALE,CONUS
4,5,11F4F,F-15,608 AIR OPERATIONS CENTER,TX,BARKSDALE,CONUS
8,6,11F4Y,General,U S AIR FORCE HEADQUARTERS (OL A3X3),TX,WASHINGTON,CONUS
4,6,12F4G,F-15E EWO,US STRATEGIC CMD (OL SCC0),TX,FT BELVOIR,CONUS
4,6,11F4Y,General,AFELM NASP OFFICE (OL AST),TX,FAIRFAX,CONUS
1,2,11F3Q,IFF,49 FIGHTER TRNG SQUADRON,MS,COLUMBUS,CONUS
2,3,12F3Y,General,49 FIGHTER TRNG SQUADRON,MS,COLUMBUS,CONUS
1,4,11F3Q,IFF,49 FIGHTER TRNG SQUADRON,MS,COLUMBUS,CONUS
6,5,11F3Q,IFF,49 FIGHTER TRNG SQUADRON,MS,COLUMBUS,CONUS
1,3,11F3Q,IFF,14 OPERATIONS SUPPORT SQUADRON,MS,COLUMBUS,CONUS
1,3,11F3H,F-16,56 OPERATIONS GROUP (DET 1),AZ,TUCSON INTL,CONUS
1,5,11F3H,F-16,56 OPERATIONS GROUP (DET 1),AZ,TUCSON INTL,CONUS
1,2,11F3B,A-10,354 FIGHTER SQUADRON,AZ,DAVIS-MONTHAN,CONUS
1,3,11F3B,A-10,354 FIGHTER SQUADRON,AZ,DAVIS-MONTHAN,CONUS
1,4,11F3B,A-10,354 FIGHTER SQUADRON,AZ,DAVIS-MONTHAN,CONUS
6,5,11F3B,A-10,354 FIGHTER SQUADRON,AZ,DAVIS-MONTHAN,CONUS
4,4,11F4G,F-15E,612 AIR OPERATIONS CENTER,AZ,DAVIS-MONTHAN,CONUS
4,5,11F4G,F-15E,612 AIR OPERATIONS CENTER,AZ,DAVIS-MONTHAN,CONUS
4,6,11F4Y,General,612 AIR OPERATIONS CENTER,AZ,DAVIS-MONTHAN,CONUS
8,4,12F4Y,General,12 AIR FORCE,AZ,DAVIS-MONTHAN,CONUS
3,5,11F4Y,General,12 AIR FORCE,AZ,DAVIS-MONTHAN,CONUS
4,6,11F4Y,General,12 AIR FORCE,AZ,DAVIS-MONTHAN,CONUS
6,3,11F3B,A-10,355 OPERATIONS GROUP,AZ,DAVIS-MONTHAN,CONUS
6,5,11F3B,A-10,355 OPERATIONS GROUP,AZ,DAVIS-MONTHAN,CONUS
6,2,11F3B,A-10,355 OPERATIONS SUPPORT SQUADRON,AZ,DAVIS-MONTHAN,CONUS
6,3,11F3B,A-10,355 OPERATIONS SUPPORT SQUADRON,AZ,DAVIS-MONTHAN,CONUS
6,4,11F3B,A-10,355 OPERATIONS SUPPORT SQUADRON,AZ,DAVIS-MONTHAN,CONUS
6,5,11F3B,A-10,355 OPERATIONS SUPPORT SQUADRON,AZ,DAVIS-MONTHAN,CONUS
1,3,11F3B,A-10,357 FIGHTER SQUADRON,AZ,DAVIS-MONTHAN,CONUS
1,4,11F3B,A-10,357 FIGHTER SQUADRON,AZ,DAVIS-MONTHAN,CONUS
6,5,11F3B,A-10,357 FIGHTER SQUADRON,AZ,DAVIS-MONTHAN,CONUS
6,3,11F3B,A-10,ACC TRAINING SPT SQUADRON (DET 3),AZ,DAVIS-MONTHAN,CONUS
6,5,11F3Y,General,ACC TRAINING SPT SQUADRON (DET 3),AZ,DAVIS-MONTHAN,CONUS
1,2,11F3B,A-10,355 TRAINING SQUADRON,AZ,DAVIS-MONTHAN,CONUS
1,3,11F3B,A-10,355 TRAINING SQUADRON,AZ,DAVIS-MONTHAN,CONUS
6,4,11F3B,A-10,355 TRAINING SQUADRON,AZ,DAVIS-MONTHAN,CONUS
6,5,11F3Y,General,355 TRAINING SQUADRON,AZ,DAVIS-MONTHAN,CONUS
6,3,11F3B,A-10,355 FIGHTER WING,AZ,DAVIS-MONTHAN,CONUS
6,4,11F3B,A-10,355 FIGHTER WING,AZ,DAVIS-MONTHAN,CONUS
6,5,11F3B,A-10,355 FIGHTER WING,AZ,DAVIS-MONTHAN,CONUS
6,3,11F3Y,General,53 TEST AND EVALUATIN GROUP (OL A),AZ,TUCSON INTL,CONUS
8,5,11F4H,F-16,ANG READINESS - FOA (DET 11),AZ,TUCSON INTL,CONUS
8,5,11F4F,F-15,ANG READINESS - FOA (OL 11A),TX,JACKSONVILLE,CONUS
8,6,11F4H,F-16,ANG READINESS - FOA (OL AZDA),AZ,DAVIS-MONTHAN,CONUS
8,4,11F4F,F-15,ANG READINESS - FOA (OL FLEG),FL,EGLIN,CONUS
4,6,11F4Y,General,AFELM US NORTH COM (OL RST0),TX,TUCSON,CONUS
3,5,11F3U,ALO,11 AIR SUPT OPNS SQUADRON,TX,FT HOOD,CONUS
3,4,11F3U,ALO,9 AIR SUPT OPNS SQUADRON,TX,FT HOOD,CONUS
3,3,11F3Y,General,AF OP TST EVAL CENTER - DRU (DET 1),CA,EDWARDS,CONUS
6,4,11F3Y,General,AF OP TST EVAL CENTER - DRU (DET 1),CA,EDWARDS,CONUS
6,5,12F4Y,General,AF OP TST EVAL CENTER - DRU (DET 1),CA,EDWARDS,CONUS
6,6,11F3Y,General,AF OP TST EVAL CENTER - DRU (DET 1),CA,EDWARDS,CONUS
4,5,12F4Y,General,PACIFIC AIR FORCES COMMAND (OL D),TX,SAN DIEGO NAVSTA,CONUS
1,3,11F3N,F-35,31 TEST AND EVALUATION SQUADRON,CA,EDWARDS,CONUS
1,4,11F3N,F-35,31 TEST AND EVALUATION SQUADRON,CA,EDWARDS,CONUS
6,5,11F3N,F-35,31 TEST AND EVALUATION SQUADRON,CA,EDWARDS,CONUS
6,4,11F3N,F-35,59 TEST AND EVALUATION SQUADRON (OL A),CA,EDWARDS,CONUS
6,3,12F3Y,General, MAXWELL,TX,MAXWELL,CONUS
6,5,12F3F,F-15E WSO, MAXWELL,TX,MAXWELL,CONUS
8,4,11F4Y,General,AF TEST CENTER,CA,EDWARDS,CONUS
1,3,11F3H,F-16,416 FLIGHT TEST SQUADRON,CA,EDWARDS,CONUS
6,4,11F3Y,General,412 OPERATIONS SUPPORT SQUADRON,CA,EDWARDS,CONUS
6,3,11F3H,F-16,412 OPERATIONS GROUP,CA,EDWARDS,CONUS
1,3,11F3H,F-16,461 FLIGHT TEST SQUADRON,CA,EDWARDS,CONUS
3,4,12F3W,EWO,AF OP TST EVAL CENTER - DRU (DET 2),FL,EGLIN,CONUS
3,5,11F3Y,General,AF OP TST EVAL CENTER - DRU (DET 2),FL,EGLIN,CONUS
6,3,11F3N,F-35,33 FIGHTER WING,FL,EGLIN,CONUS
6,4,11F3N,F-35,33 FIGHTER WING,FL,EGLIN,CONUS
6,5,11F3N,F-35,33 FIGHTER WING,FL,EGLIN,CONUS
6,6,11F3N,F-35,33 FIGHTER WING,FL,EGLIN,CONUS
6,3,11F3N,F-35,33 OPERATIONS SUPPORT SQUADRON,FL,EGLIN,CONUS
6,4,11F3N,F-35,33 OPERATIONS SUPPORT SQUADRON,FL,EGLIN,CONUS
6,5,11F3N,F-35,33 OPERATIONS SUPPORT SQUADRON,FL,EGLIN,CONUS
6,3,11F3N,F-35,33 OPERATIONS GROUP,FL,EGLIN,CONUS
6,5,11F3N,F-35,33 OPERATIONS GROUP,FL,EGLIN,CONUS
1,2,11F3N,F-35,58 FIGHTER SQUADRON,FL,EGLIN,CONUS
1,3,11F3N,F-35,58 FIGHTER SQUADRON,FL,EGLIN,CONUS
1,4,11F3N,F-35,58 FIGHTER SQUADRON,FL,EGLIN,CONUS
6,5,11F3N,F-35,58 FIGHTER SQUADRON,FL,EGLIN,CONUS
1,3,11F3Y,General,6 SPECIAL OPERATIONS SQUADRON,FL,DUKE FIELD,CONUS
6,3,12F3F,F-15E WSO,86 FIGHTER WEAPONS SQUADRON,FL,EGLIN,CONUS
1,4,11F3Y,General,86 FIGHTER WEAPONS SQUADRON,FL,EGLIN,CONUS
6,5,11F3Y,General,86 FIGHTER WEAPONS SQUADRON,FL,EGLIN,CONUS
6,3,11F3Y,General,53 WING,FL,EGLIN,CONUS
6,5,11F3Y,General,53 WING,FL,EGLIN,CONUS
6,5,11F3Y,General,OP FLT PRG CTF FLIGHT,FL,EGLIN,CONUS
3,3,12F3W,EWO,36 ELECTRONIC WARFARE SQUADRON,FL,EGLIN,CONUS
6,3,11F3Y,General,28 TEST AND EVALUATION SQUADRON,FL,EGLIN,CONUS
6,4,11F3Y,General,28 TEST AND EVALUATION SQUADRON,FL,EGLIN,CONUS
6,5,11F3Y,General,28 TEST AND EVALUATION SQUADRON,FL,EGLIN,CONUS
6,3,11F3Y,General,29 TRAINING SYSTEMS SQUADRON,FL,EGLIN,CONUS
6,5,11F3Y,General,29 TRAINING SYSTEMS SQUADRON,FL,EGLIN,CONUS
3,6,11F3Y,General,15 TEST FLIGHT,FL,EGLIN,CONUS
3,3,12F3Y,General,F-35 PARTNER SPT AFCOMS COMPLEX,FL,EGLIN,CONUS
3,4,12F3Y,General,F-35 PARTNER SPT AFCOMS COMPLEX,FL,EGLIN,CONUS
1,3,11F3H,F-16,85 TEST AND EVALUATION SQUADRON,FL,EGLIN,CONUS
6,4,11F3F,F-15,85 TEST AND EVALUATION SQUADRON,FL,EGLIN,CONUS
6,5,11F3Y,General,85 TEST AND EVALUATION SQUADRON,FL,EGLIN,CONUS
1,3,11F3H,F-16,40 FLIGHT TEST SQUADRON,FL,EGLIN,CONUS
6,5,12F3Y,General,AF SEEK EAGLE OFFICE,FL,EGLIN,CONUS
6,5,11F3B,A-10,96 OPERATIONS GROUP,FL,EGLIN,CONUS
8,4,11F4Y,General,AF MATERIEL COMMAND (DET 1),FL,EGLIN,CONUS
3,4,11F3F,F-15,AFELM JCS MCA - OTHER JCS ACTIVITY (OL 26G),FL,EGLIN AFB,CONUS
3,3,12F3Y,General,505 TRAINING SQUADRON,FL,HURLBURT FIELD,CONUS
3,3,12F3F,F-15E WSO,705 TRAINING SQUADRON,FL,HURLBURT FIELD,CONUS
3,4,11F3Y,General,705 TRAINING SQUADRON,FL,HURLBURT FIELD,CONUS
3,5,11F3Y,General,705 TRAINING SQUADRON,FL,HURLBURT FIELD,CONUS
3,4,12F3Y,General,505 COMBAT TRAINING SQUADRON,FL,HURLBURT FIELD,CONUS
8,6,11F4Y,General,ANG READINESS - FOA (OL FLHF),FL,HURLBURT FIELD,CONUS
1,2,11F3H,F-16,18 AGGRESSOR SQUADRON,AK,EIELSON,CONUS
1,3,11F3H,F-16,18 AGGRESSOR SQUADRON,AK,EIELSON,CONUS
1,4,11F3H,F-16,18 AGGRESSOR SQUADRON,AK,EIELSON,CONUS
6,5,11F3H,F-16,18 AGGRESSOR SQUADRON,AK,EIELSON,CONUS
6,3,11F3N,F-35,354 FIGHTER WING,AK,EIELSON,CONUS
6,4,11F3Y,General,354 FIGHTER WING,AK,EIELSON,CONUS
6,5,11F3Y,General,354 FIGHTER WING,AK,EIELSON,CONUS
3,3,11F3H,F-16,353 COMBAT TRAINING SQUADRON,AK,EIELSON,CONUS
3,4,11F3Y,General,353 COMBAT TRAINING SQUADRON,AK,EIELSON,CONUS
6,5,11F3Y,General,353 COMBAT TRAINING SQUADRON,AK,EIELSON,CONUS
6,3,11F3N,F-35,354 OPERATIONS GROUP,AK,EIELSON,CONUS
6,4,11F3H,F-16,354 OPERATIONS GROUP,AK,EIELSON,CONUS
6,3,11F3N,F-35,354 OPERATIONS SUPPORT SQUADRON,AK,EIELSON,CONUS
6,4,11F3N,F-35,354 OPERATIONS SUPPORT SQUADRON,AK,EIELSON,CONUS
6,5,11F3Y,General,354 OPERATIONS SUPPORT SQUADRON,AK,EIELSON,CONUS
1,2,11F3N,F-35,354 OPERATIONS GROUP (DET 2),AK,EIELSON,CONUS
1,3,11F3N,F-35,354 OPERATIONS GROUP (DET 2),AK,EIELSON,CONUS
1,4,11F3N,F-35,354 OPERATIONS GROUP (DET 2),AK,EIELSON,CONUS
6,5,11F3N,F-35,354 OPERATIONS GROUP (DET 2),AK,EIELSON,CONUS
1,2,11F3N,F-35,354 OPERATIONS GROUP (DET 3),AK,EIELSON,CONUS
1,3,11F3N,F-35,354 OPERATIONS GROUP (DET 3),AK,EIELSON,CONUS
1,4,11F3N,F-35,354 OPERATIONS GROUP (DET 3),AK,EIELSON,CONUS
6,5,11F3N,F-35,354 OPERATIONS GROUP (DET 3),AK,EIELSON,CONUS
4,4,11F4Y,General,611 AIR OPERATIONS CENTER,AK,JB ELMENDORF-RICH,CONUS
4,5,11F4Y,General,611 AIR OPERATIONS CENTER,AK,JB ELMENDORF-RICH,CONUS
8,6,11F4Y,General,11 AIR FORCE,AK,JB ELMENDORF-RICH,CONUS
6,3,11F3J,F-22,3 WING,AK,JB ELMENDORF-RICH,CONUS
1,2,11F3J,F-22,90 FIGHTER SQUADRON,AK,JB ELMENDORF-RICH,CONUS
1,3,11F3J,F-22,90 FIGHTER SQUADRON,AK,JB ELMENDORF-RICH,CONUS
1,4,11F3J,F-22,90 FIGHTER SQUADRON,AK,JB ELMENDORF-RICH,CONUS
6,5,11F3J,F-22,90 FIGHTER SQUADRON,AK,JB ELMENDORF-RICH,CONUS
1,2,11F3J,F-22,525 FIGHTER SQUADRON,AK,JB ELMENDORF-RICH,CONUS
1,3,11F3J,F-22,525 FIGHTER SQUADRON,AK,JB ELMENDORF-RICH,CONUS
1,4,11F3J,F-22,525 FIGHTER SQUADRON,AK,JB ELMENDORF-RICH,CONUS
6,5,11F3J,F-22,525 FIGHTER SQUADRON,AK,JB ELMENDORF-RICH,CONUS
6,3,11F3J,F-22,3 OPERATIONS GROUP,AK,JB ELMENDORF-RICH,CONUS
6,3,11F3J,F-22,3 OPERATIONS SUPPORT SQUADRON,AK,JB ELMENDORF-RICH,CONUS
6,4,11F3Y,General,3 OPERATIONS SUPPORT SQUADRON,AK,JB ELMENDORF-RICH,CONUS
6,5,11F3Y,General,3 OPERATIONS SUPPORT SQUADRON,AK,JB ELMENDORF-RICH,CONUS
6,4,11F3Y,General,354 OPERATIONS GROUP (DET 1),AK,JB ELMENDORF-RICH,CONUS
4,5,11F4Y,General,AFELM US NORTH COM (OL JTAK),AK,JB ELMENDORF-RICH,CONUS
8,5,11F4H,F-16,1 AIR FORCE (OL F),CO,PETERSON,CONUS
8,4,11F4F,F-15,AFELM NORAD (OL J3HP),CO,PETERSON,CONUS
4,5,11F4Y,General,AFELM NORAD (OL J3HP),CO,PETERSON,CONUS
4,6,11F4Y,General,AFELM NORAD (OL J3HP),CO,PETERSON,CONUS
4,4,11F4Y,General,AFELM NORAD (OL J5HP),CO,PETERSON,CONUS
4,5,11F4Y,General,AFELM NORAD (OL J5HP),CO,PETERSON,CONUS
8,4,11F4F,F-15,AFELM NORAD (OL IGHP),CO,PETERSON,CONUS
8,6,11F4Y,General,AFELM NORAD (OL IGHP),CO,PETERSON,CONUS
4,4,11F4Y,General,AFELM NORAD (OL J8HP),CO,PETERSON,CONUS
4,4,11F4Y,General,AFELM NORAD (OL J7HP),CO,PETERSON,CONUS
4,5,11F4H,F-16,AFELM US NORTH COM (OL J3HP),CO,PETERSON,CONUS
4,6,11F3Y,General,AFELM US NORTH COM (OL J3HP),CO,PETERSON,CONUS
4,4,11F4Y,General,AFELM US NORTH COM (OL J5HP),CO,PETERSON,CONUS
4,5,11F4Y,General,AFELM US NORTH COM (OL J8HP),CO,PETERSON,CONUS
3,4,12F3Y,General,66 TRAINING SQUADRON,TX,FAIRCHILD,CONUS
4,6,11F4Y,General,AIR COMBAT COMMAND (DET 1),CO,SCHRIEVER,CONUS
4,3,12F4W,EWO,AIR COMBAT COMMAND (OL 1A),CO,SCHRIEVER,CONUS
4,4,11F4Y,General,AIR COMBAT COMMAND (OL 1A),CO,SCHRIEVER,CONUS
4,5,11F4F,F-15,AIR COMBAT COMMAND (OL 1A),CO,SCHRIEVER,CONUS
4,5,11F4Y,General,AFELM U S CYBER COMMAND (OL CYJ2),TX,FT GEORGE MEADE,CONUS
4,4,11F4Y,General,1 AIR FORCE (DET 1),TX,JAMES ARMSTRONG R,CONUS
4,4,11F4H,F-16,U S AIR FORCE HEADQUARTERS (OL AN00),VA,PENTAGON,CONUS
4,4,12F4W,EWO,HQ USAF DIR SPT EL HQSP (OL A910),VA,PENTAGON,CONUS
4,5,11F4Y,General,HQ USAF DIR SPT EL HQSP (OL A910),VA,PENTAGON,CONUS
4,5,11F4Y,General,U S AIR FORCE HEADQUARTERS (OL A8P0),VA,PENTAGON,CONUS
4,6,11F4Y,General,U S AIR FORCE HEADQUARTERS (OL A8P0),VA,PENTAGON,CONUS
4,3,11F4Y,General,U S AIR FORCE HEADQUARTERS (OL A3X0),VA,PENTAGON,CONUS
4,4,11F4Y,General,U S AIR FORCE HEADQUARTERS (OL A3X0),VA,PENTAGON,CONUS
0,6,11F4Z,Other,HQ USAF DIR SPT EL HQSP (OL DPO0),VA,PENTAGON,CONUS
4,4,11F4Y,General,HQ USAF DIR SPT EL HQSP (OL IA20),VA,PENTAGON,CONUS
4,5,11F4Y,General,HQ USAF DIR SPT EL HQSP (OL IA20),VA,PENTAGON,CONUS
4,4,11F4Y,General,U S AIR FORCE HEADQUARTERS (OL LL00),VA,PENTAGON,CONUS
4,5,11F4Y,General,U S AIR FORCE HEADQUARTERS (OL LL00),VA,PENTAGON,CONUS
4,6,11F4Y,General,U S AIR FORCE HEADQUARTERS (OL LL00),VA,PENTAGON,CONUS
4,4,12F4W,EWO,U S AIR FORCE HEADQUARTERS (OL TE00),VA,PENTAGON,CONUS
4,5,11F4Y,General,U S AIR FORCE HEADQUARTERS (OL FMB0),VA,PENTAGON,CONUS
8,5,11F4F,F-15,U S AIR FORCE HEADQUARTERS (OL NGBA),VA,PENTAGON,CONUS
4,5,11F4Y,General,U S AIR FORCE HEADQUARTERS (OL AQP0),VA,PENTAGON,CONUS
8,6,11F4H,F-16,U S AIR FORCE HEADQUARTERS (OL 35A0),VA,PENTAGON,CONUS
4,5,11F4Y,General,U S AIR FORCE HEADQUARTERS (OL A3O0),VA,PENTAGON,CONUS
4,4,11F4Y,General,HQ USAF DIR SPT EL HQSP (OL IA30),VA,PENTAGON,CONUS
4,5,11F4Y,General,HQ USAF DIR SPT EL HQSP (OL IA30),VA,PENTAGON,CONUS
4,5,11F4Y,General,U S AIR FORCE HEADQUARTERS (OL SE00),VA,PENTAGON,CONUS
4,6,11F4Y,General,U S AIR FORCE HEADQUARTERS (OL SE00),VA,PENTAGON,CONUS
4,5,11F4Y,General,U S AIR FORCE HEADQUARTERS (OL A5S0),VA,PENTAGON,CONUS
4,5,11F4Y,General,U S AIR FORCE HEADQUARTERS (OL A8X0),VA,PENTAGON,CONUS
6,6,11F4Y,General,U S AIR FORCE HEADQUARTERS (OL A8X0),VA,PENTAGON,CONUS
4,3,11F4Y,General,U S AIR FORCE HEADQUARTERS (OL A5R0),VA,PENTAGON,CONUS
4,4,11F4Y,General,U S AIR FORCE HEADQUARTERS (OL A5R0),VA,PENTAGON,CONUS
4,5,11F4Y,General,U S AIR FORCE HEADQUARTERS (OL A5R0),VA,PENTAGON,CONUS
4,5,11F4Y,General,U S AIR FORCE HEADQUARTERS (OL CC10),VA,PENTAGON,CONUS
4,5,11F4N,F-35,HQ USAF DIR SPT EL HQSP (OL CCIO),VA,PENTAGON,CONUS
0,6,11F4N,F-35,HQ USAF DIR SPT EL HQSP (OL CCIO),VA,PENTAGON,CONUS
4,4,11F4Y,General,AF OPERATIONS - FOA,VA,PENTAGON,CONUS
4,5,11F4Y,General,AF OPERATIONS - FOA,VA,PENTAGON,CONUS
4,6,11F4Y,General,AFELM JCS MCA - OTHER JCS ACTIVITY,VA,PENTAGON,CONUS
4,5,11F4Y,General,AFELM JCS MCA - OTHER JCS ACTIVITY (DET 25),VA,PENTAGON,CONUS
4,5,12F4W,EWO,AFELM JCS MCA - OTHER JCS ACTIVITY,VA,PENTAGON,CONUS
4,6,11F4Y,General,AFELM JCS MCA - OTHER JCS ACTIVITY,VA,PENTAGON,CONUS
4,5,11F4Y,General,AFELM JCS MCA - OTHER JCS ACTIVITY,VA,PENTAGON,CONUS
4,5,11F4Y,General,AFELM JCS MCA - OTHER JCS ACTIVITY,VA,PENTAGON,CONUS
4,4,11F4Y,General,AFELM JCS MCA - OTHER JCS ACTIVITY,VA,PENTAGON,CONUS
4,5,11F4Y,General,AFELM JCS MCA - OTHER JCS ACTIVITY,VA,PENTAGON,CONUS
4,5,11F4Y,General,AFELM JCS MCA - OTHER JCS ACTIVITY,VA,PENTAGON,CONUS
4,5,11F4Y,General,AFELM JCS MCA - OTHER JCS ACTIVITY,VA,PENTAGON,CONUS
4,5,11F4Y,General,AFELM JCS MCA - OTHER JCS ACTIVITY,VA,PENTAGON,CONUS
4,6,11F4Y,General,AFELM JCS MCA - OTHER JCS ACTIVITY,VA,PENTAGON,CONUS
4,6,11F4Y,General,AFELM JCS MCA - OTHER JCS ACTIVITY,VA,PENTAGON,CONUS
4,5,11F4Y,General,AFELM JCS MCA - OTHER JCS ACTIVITY,VA,PENTAGON,CONUS
8,5,12F4Y,General,OFF SEC DEF,VA,PENTAGON,CONUS
4,6,11F4Y,General,OFF SEC DEF,VA,PENTAGON,CONUS
4,5,12F4W,EWO,OFF SEC DEF,VA,PENTAGON,CONUS
0,6,11F4Y,General,OFF SEC DEF,VA,PENTAGON,CONUS
4,5,11F4Y,General,OFF SEC DEF,VA,PENTAGON,CONUS
4,6,11F4Y,General,OFF SEC DEF,VA,PENTAGON,CONUS
4,5,11F4Y,General,OFF SEC DEF,VA,PENTAGON,CONUS
4,5,12F4Y,General,AFELM WASH HQS SVC,VA,PENTAGON,CONUS
4,4,11F4Y,General,AFELM ELE SPEC PRO OFFICE,TX,BOLLING,CONUS
4,5,11F4Y,General,AFELM ELE SPEC PRO OFFICE (OL QLA),VA,PENTAGON,CONUS
8,5,11F4Y,General,PACIFIC AIR FORCES COMMAND (OL SE00),HI,JB PRL HBR-HICKAM,CONUS
3,5,11F3U,ALO,25 AIR SUPT OPNS SQUADRON,TX,WHEELER,CONUS
4,6,11F4Y,General,PACIFIC AIR FORCES COMMAND,HI,JB PRL HBR-HICKAM,CONUS
1,2,11F3J,F-22,19 FIGHTER SQUADRON,HI,JB PRL HBR-HICKAM,CONUS
1,3,11F3J,F-22,19 FIGHTER SQUADRON,HI,JB PRL HBR-HICKAM,CONUS
1,4,11F3J,F-22,19 FIGHTER SQUADRON,HI,JB PRL HBR-HICKAM,CONUS
1,5,11F3J,F-22,19 FIGHTER SQUADRON,HI,JB PRL HBR-HICKAM,CONUS
4,3,12F4Y,General,613 AIR OPERATIONS CENTER,HI,JB PRL HBR-HICKAM,CONUS
4,4,11F4Y,General,613 AIR OPERATIONS CENTER,HI,JB PRL HBR-HICKAM,CONUS
4,5,11F4Y,General,613 AIR OPERATIONS CENTER,HI,JB PRL HBR-HICKAM,CONUS
4,6,11F4Y,General,613 AIR OPERATIONS CENTER,HI,JB PRL HBR-HICKAM,CONUS
8,4,11F4H,F-16,PACIFIC AIR FORCES COMMAND (OL IG00),HI,JB PRL HBR-HICKAM,CONUS
4,6,11F4Y,General,PACIFIC AIR FORCES COMMAND (OL IG00),HI,JB PRL HBR-HICKAM,CONUS
4,4,11F4Y,General,PACIFIC AIR FORCES COMMAND (OL A5A8),HI,JB PRL HBR-HICKAM,CONUS
4,5,11F4Y,General,PACIFIC AIR FORCES COMMAND (OL A5A8),HI,JB PRL HBR-HICKAM,CONUS
4,6,11F4Y,General,PACIFIC AIR FORCES COMMAND (OL A5A8),HI,JB PRL HBR-HICKAM,CONUS
8,4,11F4H,F-16,PACIFIC AIR FORCES COMMAND (OL A3A6),HI,JB PRL HBR-HICKAM,CONUS
8,5,11F4F,F-15,PACIFIC AIR FORCES COMMAND (OL A3A6),HI,JB PRL HBR-HICKAM,CONUS
4,6,11F4Y,General,PACIFIC AIR FORCES COMMAND (OL A3A6),HI,JB PRL HBR-HICKAM,CONUS
3,5,12F3Y,General,ACC AIR OPERATIONS SQUADRON (DET 2),HI,JB PRL HBR-HICKAM,CONUS
8,6,11F4B,A-10,ANG READINESS - FOA (OL HIHI),HI,JB PRL HBR-HICKAM,CONUS
4,4,11F4Y,General,AFELM USPACOM US PACIFIC COMMAND (OL AJ3),HI,CP SMITH,CONUS
4,5,11F4Y,General,AFELM USPACOM US PACIFIC COMMAND (OL AJ3),HI,CP SMITH,CONUS
1,2,11F3H,F-16,421 FIGHTER SQUADRON,UT,HILL,CONUS
1,3,11F3H,F-16,421 FIGHTER SQUADRON,UT,HILL,CONUS
1,4,11F3H,F-16,421 FIGHTER SQUADRON,UT,HILL,CONUS
6,5,11F3H,F-16,421 FIGHTER SQUADRON,UT,HILL,CONUS
6,3,11F3H,F-16,388 FIGHTER WING,UT,HILL,CONUS
6,4,11F3H,F-16,388 FIGHTER WING,UT,HILL,CONUS
6,5,11F3H,F-16,388 FIGHTER WING,UT,HILL,CONUS
1,2,11F3N,F-35,4 FIGHTER SQUADRON,UT,HILL,CONUS
1,3,11F3N,F-35,4 FIGHTER SQUADRON,UT,HILL,CONUS
1,4,11F3N,F-35,4 FIGHTER SQUADRON,UT,HILL,CONUS
6,5,11F3N,F-35,4 FIGHTER SQUADRON,UT,HILL,CONUS
6,3,11F3N,F-35,388 OPERATIONS SUPPORT SQUADRON,UT,HILL,CONUS
6,4,11F3N,F-35,388 OPERATIONS SUPPORT SQUADRON,UT,HILL,CONUS
6,5,11F3N,F-35,388 OPERATIONS SUPPORT SQUADRON,UT,HILL,CONUS
6,3,11F3H,F-16,388 OPERATIONS GROUP,UT,HILL,CONUS
6,4,11F3N,F-35,388 OPERATIONS GROUP,UT,HILL,CONUS
6,4,11F3N,F-35,86 FIGHTER WEAPONS SQUADRON (DET 1),UT,HILL,CONUS
6,5,11F3N,F-35,86 FIGHTER WEAPONS SQUADRON (DET 1),UT,HILL,CONUS
3,6,11F3H,F-16,UT TEST AND TRNING RANGE,UT,HILL,CONUS
1,2,11F3N,F-35,34 FIGHTER SQUADRON,UT,HILL,CONUS
1,3,11F3N,F-35,34 FIGHTER SQUADRON,UT,HILL,CONUS
1,4,11F3N,F-35,34 FIGHTER SQUADRON,UT,HILL,CONUS
6,5,11F3N,F-35,34 FIGHTER SQUADRON,UT,HILL,CONUS
1,3,11F3H,F-16,314 FIGHTER SQUADRON,NM,HOLLOMAN,CONUS
1,4,11F3H,F-16,314 FIGHTER SQUADRON,NM,HOLLOMAN,CONUS
6,5,11F3H,F-16,314 FIGHTER SQUADRON,NM,HOLLOMAN,CONUS
1,3,11F3H,F-16,8 FIGHTER SQUADRON,NM,HOLLOMAN,CONUS
1,4,11F3H,F-16,8 FIGHTER SQUADRON,NM,HOLLOMAN,CONUS
6,5,11F3H,F-16,8 FIGHTER SQUADRON,NM,HOLLOMAN,CONUS
6,3,11F3H,F-16,54 FIGHTER GROUP,NM,HOLLOMAN,CONUS
6,4,11F3H,F-16,54 FIGHTER GROUP,NM,HOLLOMAN,CONUS
6,3,11F3H,F-16,54 OPERATIONS SUPPORT SQUADRON,NM,HOLLOMAN,CONUS
6,4,11F3H,F-16,54 OPERATIONS SUPPORT SQUADRON,NM,HOLLOMAN,CONUS
6,5,11F3H,F-16,54 OPERATIONS SUPPORT SQUADRON,NM,HOLLOMAN,CONUS
1,3,11F3H,F-16,311 FIGHTER SQUADRON,NM,HOLLOMAN,CONUS
1,4,11F3H,F-16,311 FIGHTER SQUADRON,NM,HOLLOMAN,CONUS
6,5,11F3H,F-16,311 FIGHTER SQUADRON,NM,HOLLOMAN,CONUS
1,3,11F3Z,Other,82 AERIAL TARGETS SQUADRON (DET 1),NM,HOLLOMAN,CONUS
6,5,11F3Z,Other,82 AERIAL TARGETS SQUADRON (DET 1),NM,HOLLOMAN,CONUS
3,4,12F3U,ALO,7 AIR SUPT OPNS SQUADRON,TX,FT BLISS,CONUS
1,2,11F3Q,IFF,586 FLIGHT TEST SQUADRON,NM,HOLLOMAN,CONUS
8,5,11F4Y,General,AFELM SECURITY AST US EUROPEAN COMMAND (OL TU00),TX,ANKARA AFM,CONUS
1,2,11F3F,F-15,44 FIGHTER SQUADRON,TX,KADENA,CONUS
1,3,11F3F,F-15,44 FIGHTER SQUADRON,TX,KADENA,CONUS
1,4,11F3F,F-15,44 FIGHTER SQUADRON,TX,KADENA,CONUS
6,5,11F3F,F-15,44 FIGHTER SQUADRON,TX,KADENA,CONUS
6,3,11F3F,F-15,18 WING,TX,KADENA,CONUS
6,5,11F3F,F-15,18 WING,TX,KADENA,CONUS
6,3,11F3F,F-15,18 OPERATIONS GROUP,TX,KADENA,CONUS
6,4,11F3F,F-15,18 OPERATIONS GROUP,TX,KADENA,CONUS
6,3,11F3F,F-15,18 OPERATIONS SUPPORT SQUADRON,TX,KADENA,CONUS
6,4,11F3F,F-15,18 OPERATIONS SUPPORT SQUADRON,TX,KADENA,CONUS
6,5,11F3F,F-15,18 OPERATIONS SUPPORT SQUADRON,TX,KADENA,CONUS
1,2,11F3F,F-15,67 FIGHTER SQUADRON,TX,KADENA,CONUS
1,3,11F3F,F-15,67 FIGHTER SQUADRON,TX,KADENA,CONUS
1,4,11F3F,F-15,67 FIGHTER SQUADRON,TX,KADENA,CONUS
6,5,11F3F,F-15,67 FIGHTER SQUADRON,TX,KADENA,CONUS
1,2,11F3H,F-16,35 FIGHTER SQUADRON,TX,KUNSAN,CONUS
1,3,11F3H,F-16,35 FIGHTER SQUADRON,TX,KUNSAN,CONUS
1,4,11F3H,F-16,35 FIGHTER SQUADRON,TX,KUNSAN,CONUS
6,5,11F3H,F-16,35 FIGHTER SQUADRON,TX,KUNSAN,CONUS
1,2,11F3H,F-16,80 FIGHTER SQUADRON,TX,KUNSAN,CONUS
1,3,11F3H,F-16,80 FIGHTER SQUADRON,TX,KUNSAN,CONUS
1,4,11F3H,F-16,80 FIGHTER SQUADRON,TX,KUNSAN,CONUS
6,5,11F3H,F-16,80 FIGHTER SQUADRON,TX,KUNSAN,CONUS
6,3,11F3H,F-16,8 FIGHTER WING,TX,KUNSAN,CONUS
6,4,11F3H,F-16,8 FIGHTER WING,TX,KUNSAN,CONUS
6,5,11F3H,F-16,8 FIGHTER WING,TX,KUNSAN,CONUS
6,3,11F3H,F-16,8 OPERATIONS GROUP,TX,KUNSAN,CONUS
6,4,11F3H,F-16,8 OPERATIONS GROUP,TX,KUNSAN,CONUS
6,3,11F3H,F-16,8 OPERATIONS SUPPORT SQUADRON,TX,KUNSAN,CONUS
6,5,11F3H,F-16,8 OPERATIONS SUPPORT SQUADRON,TX,KUNSAN,CONUS
8,6,11F4Y,General,U S AIR FORCE HEADQUARTERS (OL SE10),NM,KIRTLAND,CONUS
3,3,12F3Y,General,705 COMBAT TRAINING SQUADRON,NM,KIRTLAND,CONUS
3,5,11F3Y,General,705 COMBAT TRAINING SQUADRON,NM,KIRTLAND,CONUS
4,4,11F4Y,General,AF SAFETY CENTER - FOA,NM,KIRTLAND,CONUS
4,5,11F4Y,General,AF SAFETY CENTER - FOA,NM,KIRTLAND,CONUS
1,4,11F3Y,General,56 OPERATIONS GROUP (OL B),TX,JBSA LACKLAND-KLY,CONUS
4,4,11F4Z,Other,JT INFO OPS WAR CENTER,TX,SAN ANTONIO,CONUS
3,3,12F3W,EWO,453 ELECTRONIC WARFARE SQUADRON,TX,JBSA LACKLAND,CONUS
4,4,12F4W,EWO,US STRATEGIC CMD (OL JEWC),TX,SAN ANTONIO,CONUS
4,6,12F4Y,General,US STRATEGIC CMD (OL JEWC),TX,SAN ANTONIO,CONUS
1,2,11F3G,F-15E,494 FIGHTER SQUADRON,TX,LAKENHEATH,CONUS
1,3,11F3G,F-15E,494 FIGHTER SQUADRON,TX,LAKENHEATH,CONUS
1,4,11F3G,F-15E,494 FIGHTER SQUADRON,TX,LAKENHEATH,CONUS
6,5,11F3G,F-15E,494 FIGHTER SQUADRON,TX,LAKENHEATH,CONUS
6,3,11F3G,F-15E,48 FIGHTER WING,TX,LAKENHEATH,CONUS
6,4,11F3F,F-15,48 FIGHTER WING,TX,LAKENHEATH,CONUS
6,5,11F3F,F-15,48 FIGHTER WING,TX,LAKENHEATH,CONUS
2,2,12F3F,F-15E WSO,492 FIGHTER SQUADRON,TX,LAKENHEATH,CONUS
1,3,11F3G,F-15E,492 FIGHTER SQUADRON,TX,LAKENHEATH,CONUS
1,4,11F3G,F-15E,492 FIGHTER SQUADRON,TX,LAKENHEATH,CONUS
6,5,11F3G,F-15E,492 FIGHTER SQUADRON,TX,LAKENHEATH,CONUS
6,3,11F3G,F-15E,48 OPERATIONS GROUP,TX,LAKENHEATH,CONUS
6,5,11F3G,F-15E,48 OPERATIONS GROUP,TX,LAKENHEATH,CONUS
6,2,11F3G,F-15E,48 OPERATIONS SUPPORT SQUADRON,TX,LAKENHEATH,CONUS
6,3,11F3G,F-15E,48 OPERATIONS SUPPORT SQUADRON,TX,LAKENHEATH,CONUS
6,4,12F3F,F-15E WSO,48 OPERATIONS SUPPORT SQUADRON,TX,LAKENHEATH,CONUS
6,5,11F3F,F-15,48 OPERATIONS SUPPORT SQUADRON,TX,LAKENHEATH,CONUS
1,2,11F3F,F-15,493 FIGHTER SQUADRON,TX,LAKENHEATH,CONUS
1,3,11F3F,F-15,493 FIGHTER SQUADRON,TX,LAKENHEATH,CONUS
1,4,11F3F,F-15,493 FIGHTER SQUADRON,TX,LAKENHEATH,CONUS
6,5,11F3F,F-15,493 FIGHTER SQUADRON,TX,LAKENHEATH,CONUS
6,3,11F3J,F-22,1 FIGHTER WING,VA,JB LANGLEY-EUSTIS,CONUS
6,5,11F3J,F-22,1 FIGHTER WING,VA,JB LANGLEY-EUSTIS,CONUS
6,6,11F3J,F-22,1 FIGHTER WING,VA,JB LANGLEY-EUSTIS,CONUS
6,3,11F3J,F-22,1 OPERATIONS SUPPORT SQUADRON,VA,JB LANGLEY-EUSTIS,CONUS
6,5,11F3J,F-22,1 OPERATIONS SUPPORT SQUADRON,VA,JB LANGLEY-EUSTIS,CONUS
6,3,11F3J,F-22,1 OPERATIONS GROUP,VA,JB LANGLEY-EUSTIS,CONUS
6,5,11F3J,F-22,1 OPERATIONS GROUP,VA,JB LANGLEY-EUSTIS,CONUS
4,4,12F4Y,General,AIR COMBAT COMMAND (OL A10),VA,JB LANGLEY-EUSTIS,CONUS
4,5,12F4Y,General,AIR COMBAT COMMAND (OL A10),VA,JB LANGLEY-EUSTIS,CONUS
4,4,11F4F,F-15,AIR COMBAT COMMAND (OL SE00),VA,JB LANGLEY-EUSTIS,CONUS
4,6,11F4Y,General,AIR COMBAT COMMAND (OL SE00),VA,JB LANGLEY-EUSTIS,CONUS
3,4,11F3Y,General,ACC AIR OPERATIONS SQUADRON,VA,JB LANGLEY-EUSTIS,CONUS
3,5,11F3Y,General,ACC AIR OPERATIONS SQUADRON,VA,JB LANGLEY-EUSTIS,CONUS
1,3,11F3Z,Other,71 FIGHTER TRNG SQUADRON,VA,JB LANGLEY-EUSTIS,CONUS
1,4,11F3Z,Other,71 FIGHTER TRNG SQUADRON,VA,JB LANGLEY-EUSTIS,CONUS
6,5,11F3Z,Other,71 FIGHTER TRNG SQUADRON,VA,JB LANGLEY-EUSTIS,CONUS
8,4,11F4J,F-22,AIR COMBAT COMMAND (OL IGI),VA,JB LANGLEY-EUSTIS,CONUS
8,5,11F4Y,General,AIR COMBAT COMMAND (OL IGI),VA,JB LANGLEY-EUSTIS,CONUS
4,6,11F4Y,General,AIR COMBAT COMMAND (OL IGI),VA,JB LANGLEY-EUSTIS,CONUS
4,3,12F4Y,General,AIR COMBAT COMMAND (OL A589),VA,JB LANGLEY-EUSTIS,CONUS
4,4,11F4B,A-10,AIR COMBAT COMMAND (OL A589),VA,JB LANGLEY-EUSTIS,CONUS
4,5,11F4Y,General,AIR COMBAT COMMAND (OL A589),VA,JB LANGLEY-EUSTIS,CONUS
4,6,11F4Y,General,AIR COMBAT COMMAND (OL A589),VA,JB LANGLEY-EUSTIS,CONUS
4,4,12F4Y,General,AIR COMBAT COMMAND (OL A300),VA,JB LANGLEY-EUSTIS,CONUS
4,5,11F4Y,General,AIR COMBAT COMMAND (OL A300),VA,JB LANGLEY-EUSTIS,CONUS
4,6,11F4Y,General,AIR COMBAT COMMAND (OL A300),VA,JB LANGLEY-EUSTIS,CONUS
4,6,11F4Y,General,AIR COMBAT COMMAND (OL IG00),VA,JB LANGLEY-EUSTIS,CONUS
4,4,11F4Y,General,AIR COMBAT COMMAND (OL B),VA,JB LANGLEY-EUSTIS,CONUS
4,5,11F4Y,General,AIR COMBAT COMMAND (OL B),VA,JB LANGLEY-EUSTIS,CONUS
3,3,11F3Y,General,AIR COMBAT COMMAND (DET 4),VA,JB LANGLEY-EUSTIS,CONUS
3,5,11F3Y,General,AIR COMBAT COMMAND (DET 4),VA,JB LANGLEY-EUSTIS,CONUS
1,2,11F3J,F-22,27 FIGHTER SQUADRON,VA,JB LANGLEY-EUSTIS,CONUS
1,3,11F3J,F-22,27 FIGHTER SQUADRON,VA,JB LANGLEY-EUSTIS,CONUS
1,4,11F3J,F-22,27 FIGHTER SQUADRON,VA,JB LANGLEY-EUSTIS,CONUS
6,5,11F3J,F-22,27 FIGHTER SQUADRON,VA,JB LANGLEY-EUSTIS,CONUS
1,2,11F3J,F-22,94 FIGHTER SQUADRON,VA,JB LANGLEY-EUSTIS,CONUS
1,3,11F3J,F-22,94 FIGHTER SQUADRON,VA,JB LANGLEY-EUSTIS,CONUS
1,4,11F3J,F-22,94 FIGHTER SQUADRON,VA,JB LANGLEY-EUSTIS,CONUS
6,5,11F3J,F-22,94 FIGHTER SQUADRON,VA,JB LANGLEY-EUSTIS,CONUS
3,3,12F3Y,General,ACC TRAINING SPT SQUADRON,VA,JB LANGLEY-EUSTIS,CONUS
8,5,11F4H,F-16,ANG READINESS - FOA (OL VALA),VA,JB LANGLEY-EUSTIS,CONUS
8,6,11F4Y,General,ANG READINESS - FOA (OL VALA),VA,JB LANGLEY-EUSTIS,CONUS
4,4,11F4Y,General,AFELM JCS MCA - OTHER JCS ACTIVITY (OL 21K),TX,NORFOLK,CONUS
3,4,11F4Y,General,AFELM JCS MCA - OTHER JCS ACTIVITY (OL 25C),TX,NEWPORT NEWS,CONUS
4,4,11F3Y,General,AFELM JCS MCA - OTHER JCS ACTIVITY (OL 25C),TX,SUFFOLK,CONUS
4,5,11F4Y,General,AFELM JCS MCA - OTHER JCS ACTIVITY (OL 25C),TX,SUFFOLK,CONUS
4,4,12F4W,EWO,AFELM JCS MCA - OTHER JCS ACTIVITY (OL 25C),TX,SUFFOLK,CONUS
4,5,11F4Y,General,AFELM JCS MCA - OTHER JCS ACTIVITY (OL 25C),TX,SUFFOLK,CONUS
4,6,11F4Y,General,AFELM JCS MCA - OTHER JCS ACTIVITY (OL 25C),TX,SUFFOLK,CONUS
4,4,12F4W,EWO,JT PLANNING SPT AFELM US TRANSCOM,TX,NORFOLK,CONUS
4,4,11F4Y,General,AFELM ALSA (OL LSA),VA,JB LANGLEY-EUSTIS,CONUS
4,5,11F4Y,General,AFELM ALSA (OL LSA),VA,JB LANGLEY-EUSTIS,CONUS
4,5,11F4Y,General,AFELM JFSC - OTHER JCS ACTIVITY,TX,NORFOLK,CONUS
4,5,11F4Y,General,AFELM NAV WAR COLL,TX,NEWPORT,CONUS
4,4,12F3Z,Other,SPACE-MISSILE SYS CENTER (OL A),CA,LOS ANGELES,CONUS
1,3,11F3H,F-16,425 FIGHTER SQUADRON,AZ,LUKE,CONUS
1,4,11F3H,F-16,425 FIGHTER SQUADRON,AZ,LUKE,CONUS
6,5,11F3H,F-16,425 FIGHTER SQUADRON,AZ,LUKE,CONUS
1,3,11F3H,F-16,310 FIGHTER SQUADRON,AZ,LUKE,CONUS
1,4,11F3H,F-16,310 FIGHTER SQUADRON,AZ,LUKE,CONUS
6,5,11F3H,F-16,310 FIGHTER SQUADRON,AZ,LUKE,CONUS
1,2,11F3H,F-16,56 TRAINING SQUADRON,AZ,LUKE,CONUS
6,3,11F3H,F-16,56 TRAINING SQUADRON,AZ,LUKE,CONUS
1,4,11F3N,F-35,56 TRAINING SQUADRON,AZ,LUKE,CONUS
6,5,11F3H,F-16,56 TRAINING SQUADRON,AZ,LUKE,CONUS
6,4,11F3H,F-16,56 FIGHTER WING,AZ,LUKE,CONUS
6,5,11F3Y,General,56 FIGHTER WING,AZ,LUKE,CONUS
6,3,11F3H,F-16,56 OPERATIONS GROUP,AZ,LUKE,CONUS
6,5,11F3H,F-16,56 OPERATIONS GROUP,AZ,LUKE,CONUS
6,3,11F3H,F-16,56 OPERATIONS SUPPORT SQUADRON,AZ,LUKE,CONUS
6,4,11F3H,F-16,56 OPERATIONS SUPPORT SQUADRON,AZ,LUKE,CONUS
6,5,11F3H,F-16,56 OPERATIONS SUPPORT SQUADRON,AZ,LUKE,CONUS
1,3,11F3H,F-16,309 FIGHTER SQUADRON,AZ,LUKE,CONUS
1,4,11F3H,F-16,309 FIGHTER SQUADRON,AZ,LUKE,CONUS
6,5,11F3H,F-16,309 FIGHTER SQUADRON,AZ,LUKE,CONUS
1,3,11F3N,F-35,62 FIGHTER SQUADRON,AZ,LUKE,CONUS
1,4,11F3N,F-35,62 FIGHTER SQUADRON,AZ,LUKE,CONUS
6,5,11F3N,F-35,62 FIGHTER SQUADRON,AZ,LUKE,CONUS
1,3,11F3H,F-16,21 FIGHTER SQUADRON,AZ,LUKE,CONUS
1,4,11F3H,F-16,21 FIGHTER SQUADRON,AZ,LUKE,CONUS
6,5,11F3H,F-16,21 FIGHTER SQUADRON,AZ,LUKE,CONUS
6,3,11F3N,F-35,63 FIGHTER SQUADRON,AZ,LUKE,CONUS
1,4,11F3N,F-35,63 FIGHTER SQUADRON,AZ,LUKE,CONUS
6,5,11F3N,F-35,63 FIGHTER SQUADRON,AZ,LUKE,CONUS
1,3,11F3N,F-35,56 OPERATIONS GROUP (OL A),AZ,LUKE,CONUS
1,4,11F3N,F-35,56 OPERATIONS GROUP (OL A),AZ,LUKE,CONUS
6,5,11F3N,F-35,56 OPERATIONS GROUP (OL A),AZ,LUKE,CONUS
1,3,11F3F,F-15,550 FIGHTER SQUADRON,TX,KLAMATH FALLS,CONUS
1,4,11F3F,F-15,550 FIGHTER SQUADRON,TX,KLAMATH FALLS,CONUS
6,5,11F3F,F-15,550 FIGHTER SQUADRON,TX,KLAMATH FALLS,CONUS
1,4,11F3N,F-35,56 OPERATIONS GROUP (OL C),AZ,LUKE,CONUS
1,3,11F3N,F-35,61 FIGHTER SQUADRON,AZ,LUKE,CONUS
1,4,11F3N,F-35,61 FIGHTER SQUADRON,AZ,LUKE,CONUS
6,5,11F3N,F-35,61 FIGHTER SQUADRON,AZ,LUKE,CONUS
6,5,11F3H,F-16,ACC TRAINING SPT SQUADRON (DET 1),AZ,LUKE,CONUS
3,5,11F3Y,General,598 RANGE SQUADRON,TX,AVON PARK,CONUS
4,6,11F4Y,General,USAFCENT (OL A),FL,MACDILL,CONUS
8,6,11F4Y,General,AFELM SECURITY AST US CENTRAL COMMAND (OL G00),TX,CAIRO,CONUS
4,4,12F4Y,General,700 AFELM USCENTCOM,FL,MACDILL,CONUS
4,4,12F4F,F-15E WSO,AFELM USCENTCOM (OL CJ3),FL,MACDILL,CONUS
4,5,11F4Y,General,AFELM USCENTCOM (OL CJ3),FL,MACDILL,CONUS
4,6,11F4Y,General,AFELM USCENTCOM (OL CJ3),FL,MACDILL,CONUS
4,4,11F4Y,General,AFELM USCENTCOM (OL CJ5),FL,MACDILL,CONUS
4,6,11F4Y,General,AIR COMBAT OPS STAFF,TX,AL UDEID AB,CONUS
8,5,11F4Y,General,AFELM SECURITY AST US CENTRAL COMMAND (OL A),TX,DHAHRAN AFM,CONUS
4,4,11F4Y,General,AFELM SECURITY AST US CENTRAL COMMAND (OL O00),TX,AMMAN,CONUS
8,4,11F4Y,General,AFELM SECURITY AST US CENTRAL COMMAND (OL A01),TX,RIYADH,CONUS
8,4,11F3G,F-15E,AFELM ETSS (OL ET01),TX,KING KHALED,CONUS
8,4,12F3G,F-15E EWO,AFELM ETSS (OL ET02),TX,RIYADH,CONUS
8,4,11F3F,F-15,AFELM TAFT (OL A04),TX,TAIF,CONUS
4,5,11F4Y,General,AFELM TAFT (OL G),TX,KUWAIT CITY,CONUS
8,5,11F3H,F-16,AFELM ETSS (OL IA),TX,THUMRAIT,CONUS
4,4,11F4Y,General,LEMAY DOCTRINE-ED CENTER,TX,MAXWELL,CONUS
4,5,12F4Y,General,LEMAY DOCTRINE-ED CENTER,TX,MAXWELL,CONUS
4,6,11F4Y,General,LEMAY DOCTRINE-ED CENTER,TX,MAXWELL,CONUS
4,5,11F4Y,General,LEMAY DOCTRINE-ED CENTER (OL OC2),TX,FT RUCKER,CONUS
1,2,11F3H,F-16,13 FIGHTER SQUADRON,TX,MISAWA,CONUS
1,3,11F3H,F-16,13 FIGHTER SQUADRON,TX,MISAWA,CONUS
1,4,11F3H,F-16,13 FIGHTER SQUADRON,TX,MISAWA,CONUS
6,5,11F3H,F-16,13 FIGHTER SQUADRON,TX,MISAWA,CONUS
1,2,11F3H,F-16,14 FIGHTER SQUADRON,TX,MISAWA,CONUS
1,3,11F3H,F-16,14 FIGHTER SQUADRON,TX,MISAWA,CONUS
1,4,11F3H,F-16,14 FIGHTER SQUADRON,TX,MISAWA,CONUS
6,5,11F3H,F-16,14 FIGHTER SQUADRON,TX,MISAWA,CONUS
3,2,12F3W,EWO,35 OPERATIONS SUPPORT SQUADRON,TX,MISAWA,CONUS
6,3,11F3H,F-16,35 OPERATIONS SUPPORT SQUADRON,TX,MISAWA,CONUS
6,4,11F3H,F-16,35 OPERATIONS SUPPORT SQUADRON,TX,MISAWA,CONUS
6,5,11F3H,F-16,35 OPERATIONS SUPPORT SQUADRON,TX,MISAWA,CONUS
6,3,11F3H,F-16,35 OPERATIONS GROUP,TX,MISAWA,CONUS
6,4,11F3H,F-16,35 OPERATIONS GROUP,TX,MISAWA,CONUS
6,3,11F3H,F-16,35 FIGHTER WING,TX,MISAWA,CONUS
6,4,11F3H,F-16,35 FIGHTER WING,TX,MISAWA,CONUS
6,5,11F3H,F-16,35 FIGHTER WING,TX,MISAWA,CONUS
6,3,11F3Z,Other,81 FIGHTER SQUADRON,GA,MOODY,CONUS
1,4,11F3Z,Other,81 FIGHTER SQUADRON,GA,MOODY,CONUS
6,5,11F3Z,Other,81 FIGHTER SQUADRON,GA,MOODY,CONUS
1,2,11F3B,A-10,75 FIGHTER SQUADRON,GA,MOODY,CONUS
1,3,11F3B,A-10,75 FIGHTER SQUADRON,GA,MOODY,CONUS
1,4,11F3B,A-10,75 FIGHTER SQUADRON,GA,MOODY,CONUS
6,5,11F3B,A-10,75 FIGHTER SQUADRON,GA,MOODY,CONUS
6,3,11F3B,A-10,23 WING,GA,MOODY,CONUS
6,3,11F3B,A-10,23 FIGHTER GROUP,GA,MOODY,CONUS
6,4,11F3B,A-10,23 FIGHTER GROUP,GA,MOODY,CONUS
6,2,11F3B,A-10,23 OPERATIONS SUPPORT SQUADRON,GA,MOODY,CONUS
6,3,11F3B,A-10,23 OPERATIONS SUPPORT SQUADRON,GA,MOODY,CONUS
6,4,11F3B,A-10,23 OPERATIONS SUPPORT SQUADRON,GA,MOODY,CONUS
6,5,11F3B,A-10,23 OPERATIONS SUPPORT SQUADRON,GA,MOODY,CONUS
1,2,11F3B,A-10,74 FIGHTER SQUADRON,GA,MOODY,CONUS
1,3,11F3B,A-10,74 FIGHTER SQUADRON,GA,MOODY,CONUS
1,4,11F3B,A-10,74 FIGHTER SQUADRON,GA,MOODY,CONUS
6,5,11F3B,A-10,74 FIGHTER SQUADRON,GA,MOODY,CONUS
1,4,11F3G,F-15E,428 FIGHTER SQUADRON,ID,MOUNTAIN HOME,CONUS
6,5,12F3F,F-15E WSO,428 FIGHTER SQUADRON,ID,MOUNTAIN HOME,CONUS
6,3,11F3Y,General,366 FIGHTER WING,ID,MOUNTAIN HOME,CONUS
6,4,11F3Y,General,366 FIGHTER WING,ID,MOUNTAIN HOME,CONUS
6,5,12F3Y,General,366 FIGHTER WING,ID,MOUNTAIN HOME,CONUS
6,2,11F3G,F-15E,366 OPERATIONS SUPPORT SQUADRON,ID,MOUNTAIN HOME,CONUS
6,3,12F3F,F-15E WSO,366 OPERATIONS SUPPORT SQUADRON,ID,MOUNTAIN HOME,CONUS
6,4,12F3F,F-15E WSO,366 OPERATIONS SUPPORT SQUADRON,ID,MOUNTAIN HOME,CONUS
6,5,11F3G,F-15E,366 OPERATIONS SUPPORT SQUADRON,ID,MOUNTAIN HOME,CONUS
6,3,12F3F,F-15E WSO,366 OPERATIONS GROUP,ID,MOUNTAIN HOME,CONUS
6,5,11F3Y,General,366 OPERATIONS GROUP,ID,MOUNTAIN HOME,CONUS
1,2,11F3G,F-15E,391 FIGHTER SQUADRON,ID,MOUNTAIN HOME,CONUS
1,3,11F3G,F-15E,391 FIGHTER SQUADRON,ID,MOUNTAIN HOME,CONUS
1,4,11F3G,F-15E,391 FIGHTER SQUADRON,ID,MOUNTAIN HOME,CONUS
6,5,11F3G,F-15E,391 FIGHTER SQUADRON,ID,MOUNTAIN HOME,CONUS
1,2,11F3G,F-15E,389 FIGHTER SQUADRON,ID,MOUNTAIN HOME,CONUS
2,3,12F3F,F-15E WSO,389 FIGHTER SQUADRON,ID,MOUNTAIN HOME,CONUS
1,4,11F3G,F-15E,389 FIGHTER SQUADRON,ID,MOUNTAIN HOME,CONUS
6,5,11F3G,F-15E,389 FIGHTER SQUADRON,ID,MOUNTAIN HOME,CONUS
2,2,12F3V,EA-6B,390 ELECTRONIC COMBAT SQUADRON,TX,WHIDBEY ISLAND NA,CONUS
2,3,12F3V,EA-6B,390 ELECTRONIC COMBAT SQUADRON,TX,WHIDBEY ISLAND NA,CONUS
2,4,12F3V,EA-6B,390 ELECTRONIC COMBAT SQUADRON,TX,WHIDBEY ISLAND NA,CONUS
6,5,12F3V,EA-6B,390 ELECTRONIC COMBAT SQUADRON,TX,WHIDBEY ISLAND NA,CONUS
6,4,12F3F,F-15E WSO,AF OP TST EVAL CENTER - DRU (DET 6),NV,NELLIS,CONUS
6,5,11F4Y,General,AF OP TST EVAL CENTER - DRU (DET 6),NV,NELLIS,CONUS
6,6,11F3Y,General,AF OP TST EVAL CENTER - DRU (DET 6),NV,NELLIS,CONUS
4,4,11F4Y,General,LEMAY DOCTRINE-ED CENTER (OL OC4),NV,NELLIS,CONUS
6,3,11F3B,A-10,549 COMBAT TRAINING SQUADRON,NV,NELLIS,CONUS
6,4,11F3H,F-16,549 COMBAT TRAINING SQUADRON,NV,NELLIS,CONUS
6,5,11F3Y,General,549 COMBAT TRAINING SQUADRON,NV,NELLIS,CONUS
6,4,11F3Y,General,53 TEST AND EVALUATIN GROUP,NV,NELLIS,CONUS
4,5,11F4Y,General,AF JOINT TEST OFFICE,NV,NELLIS,CONUS
1,2,11F3H,F-16,USAF AIR DEMONSTR SQUADRON,NV,NELLIS,CONUS
1,3,11F3H,F-16,USAF AIR DEMONSTR SQUADRON,NV,NELLIS,CONUS
6,4,11F3H,F-16,USAF AIR DEMONSTR SQUADRON,NV,NELLIS,CONUS
6,5,11F3H,F-16,USAF AIR DEMONSTR SQUADRON,NV,NELLIS,CONUS
6,5,11F3Y,General,ACC TRAINING SPT SQUADRON (DET 8),NV,NELLIS,CONUS
6,3,11F3Y,General,57 OPERATIONS SUPPORT SQUADRON,NV,NELLIS,CONUS
6,4,11F3Y,General,57 OPERATIONS SUPPORT SQUADRON,NV,NELLIS,CONUS
6,5,11F3Y,General,57 OPERATIONS SUPPORT SQUADRON,NV,NELLIS,CONUS
6,4,11F3U,ALO,6 COMBAT TRAINING SQUADRON,NV,NELLIS,CONUS
6,5,11F3U,ALO,6 COMBAT TRAINING SQUADRON,NV,NELLIS,CONUS
6,3,11F3H,F-16,59 TEST AND EVALUATION SQUADRON,NV,NELLIS,CONUS
6,4,11F3Y,General,59 TEST AND EVALUATION SQUADRON,NV,NELLIS,CONUS
6,5,11F3Y,General,59 TEST AND EVALUATION SQUADRON,NV,NELLIS,CONUS
6,5,11F3Y,General,57 INFO AGGRESSOR SQUADRON,NV,NELLIS,CONUS
1,3,11F3B,A-10,66 WEAPONS SQUADRON,NV,NELLIS,CONUS
1,4,11F3B,A-10,66 WEAPONS SQUADRON,NV,NELLIS,CONUS
6,5,11F3B,A-10,66 WEAPONS SQUADRON,NV,NELLIS,CONUS
1,2,11F3H,F-16,16 WEAPONS SQUADRON,NV,NELLIS,CONUS
1,3,11F3H,F-16,16 WEAPONS SQUADRON,NV,NELLIS,CONUS
6,4,11F3H,F-16,16 WEAPONS SQUADRON,NV,NELLIS,CONUS
6,5,11F3H,F-16,16 WEAPONS SQUADRON,NV,NELLIS,CONUS
1,2,11F3G,F-15E,17 WEAPONS SQUADRON,NV,NELLIS,CONUS
3,3,12F3W,EWO,17 WEAPONS SQUADRON,NV,NELLIS,CONUS
1,4,11F3G,F-15E,17 WEAPONS SQUADRON,NV,NELLIS,CONUS
6,5,11F3G,F-15E,17 WEAPONS SQUADRON,NV,NELLIS,CONUS
1,3,11F3F,F-15,433 WEAPONS SQUADRON,NV,NELLIS,CONUS
1,4,11F3J,F-22,433 WEAPONS SQUADRON,NV,NELLIS,CONUS
6,5,11F3Y,General,433 WEAPONS SQUADRON,NV,NELLIS,CONUS
6,5,11F3Y,General,57 WEAPONS SUPPORT SQUADRON,NV,NELLIS,CONUS
1,2,11F3H,F-16,64 AGGRESSOR SQUADRON,NV,NELLIS,CONUS
1,3,11F3H,F-16,64 AGGRESSOR SQUADRON,NV,NELLIS,CONUS
6,5,11F3H,F-16,64 AGGRESSOR SQUADRON,NV,NELLIS,CONUS
3,2,11F3Y,General,507 AIR DEFENSE AGGR SQUADRON,NV,NELLIS,CONUS
3,3,12F3W,EWO,507 AIR DEFENSE AGGR SQUADRON,NV,NELLIS,CONUS
6,5,12F3Y,General,507 AIR DEFENSE AGGR SQUADRON,NV,NELLIS,CONUS
6,4,11F3Y,General,57 ADVRSRY TACTICS SP SQUADRON,NV,NELLIS,CONUS
6,5,11F3Y,General,57 ADVRSRY TACTICS SP SQUADRON,NV,NELLIS,CONUS
6,3,11F3Y,General,561 JOINT TACTICS SQUADRON,NV,NELLIS,CONUS
3,4,12F3F,F-15E WSO,561 JOINT TACTICS SQUADRON,NV,NELLIS,CONUS
6,5,11F3Y,General,561 JOINT TACTICS SQUADRON,NV,NELLIS,CONUS
6,6,11F3Y,General,561 JOINT TACTICS SQUADRON,NV,NELLIS,CONUS
6,2,11F3H,F-16,57 WING,NV,NELLIS,CONUS
6,3,11F3Y,General,57 WING,NV,NELLIS,CONUS
6,4,11F3Y,General,57 WING,NV,NELLIS,CONUS
6,5,11F3Y,General,57 WING,NV,NELLIS,CONUS
6,4,12F3F,F-15E WSO,15 TEST FLIGHT (DET 1),TX,CREECH,CONUS
8,4,11F4J,F-22,USAF WARFARE CENTER,NV,NELLIS,CONUS
8,6,11F4Y,General,USAF WARFARE CENTER,NV,NELLIS,CONUS
1,3,11F3G,F-15E,422 TEST AND EVALUATION SQUADRON,NV,NELLIS,CONUS
1,4,11F3G,F-15E,422 TEST AND EVALUATION SQUADRON,NV,NELLIS,CONUS
6,5,11F3Y,General,422 TEST AND EVALUATION SQUADRON,NV,NELLIS,CONUS
3,4,12F3W,EWO,NV TEST AND TRNING RANGE,NV,NELLIS,CONUS
1,3,11F3N,F-35,6 WEAPONS SQUADRON,NV,NELLIS,CONUS
1,4,11F3N,F-35,6 WEAPONS SQUADRON,NV,NELLIS,CONUS
6,5,11F3N,F-35,6 WEAPONS SQUADRON,NV,NELLIS,CONUS
1,3,11F3F,F-15,433 WEAPONS SQUADRON (OL B),TX,KLAMATH FALLS,CONUS
6,4,11F3Y,General,53 WING (OL A),NV,NELLIS,CONUS
6,5,11F3Y,General,NV TEST AND TRNING RANGE (OL A),NV,NELLIS,CONUS
6,3,11F3H,F-16,USAF WEAPONS SCHOOL (DET 1),NV,NELLIS,CONUS
6,3,11F3Y,General,53 TEST AND EVALUATIN GROUP (DET 3),NV,NELLIS,CONUS
6,4,11F3Y,General,53 TEST AND EVALUATIN GROUP (DET 3),NV,NELLIS,CONUS
3,3,11F3Y,General,414 COMBAT TRAINING SQUADRON,NV,NELLIS,CONUS
6,4,12F3Y,General,414 COMBAT TRAINING SQUADRON,NV,NELLIS,CONUS
6,5,11F3Y,General,414 COMBAT TRAINING SQUADRON,NV,NELLIS,CONUS
6,6,11F3Y,General,414 COMBAT TRAINING SQUADRON,NV,NELLIS,CONUS
8,4,11F4H,F-16,ANG READINESS - FOA (OL NVN1),NV,NELLIS,CONUS
8,5,11F4F,F-15,ANG READINESS - FOA (OL NVN1),NV,NELLIS,CONUS
8,6,11F4F,F-15,ANG READINESS - FOA (OL NVN1),NV,NELLIS,CONUS
4,5,11F4Y,General,US STRATEGIC CMD (OL JEPA),NV,NELLIS,CONUS
8,3,11F4B,A-10,7 AIR FORCE,TX,OSAN AB,CONUS
8,4,11F4Y,General,7 AIR FORCE,TX,OSAN AB,CONUS
8,5,11F4Y,General,7 AIR FORCE,TX,OSAN AB,CONUS
8,6,11F4Y,General,7 AIR FORCE,TX,OSAN AB,CONUS
1,2,11F3B,A-10,25 FIGHTER SQUADRON,TX,OSAN AB,CONUS
1,3,11F3B,A-10,25 FIGHTER SQUADRON,TX,OSAN AB,CONUS
1,4,11F3B,A-10,25 FIGHTER SQUADRON,TX,OSAN AB,CONUS
6,5,11F3B,A-10,25 FIGHTER SQUADRON,TX,OSAN AB,CONUS
6,3,11F3Y,General,51 FIGHTER WING,TX,OSAN AB,CONUS
6,4,11F3Y,General,51 FIGHTER WING,TX,OSAN AB,CONUS
6,5,11F3Y,General,51 FIGHTER WING,TX,OSAN AB,CONUS
1,2,11F3H,F-16,36 FIGHTER SQUADRON,TX,OSAN AB,CONUS
1,3,11F3H,F-16,36 FIGHTER SQUADRON,TX,OSAN AB,CONUS
1,4,11F3H,F-16,36 FIGHTER SQUADRON,TX,OSAN AB,CONUS
6,5,11F3H,F-16,36 FIGHTER SQUADRON,TX,OSAN AB,CONUS
6,3,11F3Y,General,51 OPERATIONS GROUP,TX,OSAN AB,CONUS
6,4,11F3Y,General,51 OPERATIONS GROUP,TX,OSAN AB,CONUS
4,3,11F4B,A-10,607 AIR OPERATIONS CENTER,TX,OSAN AB,CONUS
8,4,11F4Y,General,607 AIR OPERATIONS CENTER,TX,OSAN AB,CONUS
4,6,11F4Y,General,607 AIR OPERATIONS CENTER,TX,OSAN AB,CONUS
3,2,12F3W,EWO,51 OPERATIONS SUPPORT SQUADRON,TX,OSAN AB,CONUS
6,3,11F3Y,General,51 OPERATIONS SUPPORT SQUADRON,TX,OSAN AB,CONUS
6,5,11F3Y,General,51 OPERATIONS SUPPORT SQUADRON,TX,OSAN AB,CONUS
3,5,12F3U,ALO,604 AIR SUPT OPNS SQUADRON,TX,CAMP RED CLOUD,CONUS
4,6,11F4Y,General,AFELM US FOR KOREA US PACIFIC COMMAND (OL Q00),TX,YONG SAN,CONUS
4,4,11F4Y,General,AFELM US FOR KOREA US SOUTHERN COMMAND (OL J30),TX,YONG SAN,CONUS
4,5,11F4Y,General,AFELM US FOR KOREA US SOUTHERN COMMAND (OL J30),TX,YONG SAN,CONUS
3,4,12F3U,ALO,2 AIR SUPT OPNS SQUADRON (DET 1),TX,CP EDERLE,CONUS
4,4,12F4W,EWO,US AFRICOM COMMAND (OL J3),TX,MOHRINGEN,CONUS
4,4,11F4Y,General,AFELM EUCOM (OL QJ3),TX,STUTTGART VAIHING,CONUS
4,5,11F4Y,General,AFELM EUCOM (OL QJ3),TX,STUTTGART VAIHING,CONUS
4,5,12F4Y,General,AFELM EUCOM (OL QJ5),TX,STUTTGART VAIHING,CONUS
4,4,11F4Y,General,AFELM SECURITY AST US EUROPEAN COMMAND (OL GR),TX,ATHENS AFM,CONUS
8,4,11F3H,F-16,AFELM ETSS (OL E09),TX,KRZESINY,CONUS
8,4,11F3H,F-16,AFELM ETSS (OL A07),TX,MARRAKECH,CONUS
3,4,11F3U,ALO,724 OPERATIONS SUPPORT SQUADRON,TX,POPE,CONUS
3,4,11F3U,ALO,14 AIR SUPT OPNS SQUADRON,TX,POPE,CONUS
8,4,11F4Y,General,AFELM SOCOM AVTEG (OL AVTG),TX,FT BRAGG,CONUS
6,5,11F3H,F-16,413 FLIGHT TEST GROUP (OL A),AZ,DAVIS-MONTHAN,CONUS
1,4,11F3J,F-22,514 FLIGHT TEST SQUADRON,UT,HILL,CONUS
1,5,11F3B,A-10,514 FLIGHT TEST SQUADRON,UT,HILL,CONUS
1,4,11F3G,F-15E,339 FLIGHT TEST SQUADRON,TX,ROBINS,CONUS
1,5,11F3F,F-15,339 FLIGHT TEST SQUADRON,TX,ROBINS,CONUS
1,4,11F3H,F-16,69 FIGHTER SQUADRON,AZ,LUKE,CONUS
1,5,11F3H,F-16,69 FIGHTER SQUADRON,AZ,LUKE,CONUS
6,5,11F3H,F-16,ANG-AFR TEST OFFICE,AZ,TUCSON INTL,CONUS
1,4,11F3B,A-10,47 FIGHTER SQUADRON,AZ,DAVIS-MONTHAN,CONUS
1,5,11F3B,A-10,47 FIGHTER SQUADRON,AZ,DAVIS-MONTHAN,CONUS
1,4,11F3N,F-35,944 OPERATIONS GROUP (DET 2),AZ,LUKE,CONUS
1,5,11F3N,F-35,944 OPERATIONS GROUP (DET 2),AZ,LUKE,CONUS
1,4,11F3H,F-16,944 OPERATIONS GROUP (DET 1),NM,HOLLOMAN,CONUS
1,5,11F3H,F-16,944 OPERATIONS GROUP (DET 1),NM,HOLLOMAN,CONUS
1,4,11F3B,A-10,76 FIGHTER SQUADRON,GA,MOODY,CONUS
1,5,11F3B,A-10,76 FIGHTER SQUADRON,GA,MOODY,CONUS
1,5,11F3Y,General,442 OPERATIONS SUPPORT FLIGHT,TX,WHITEMAN,CONUS
1,4,11F3B,A-10,303 FIGHTER SQUADRON,TX,WHITEMAN,CONUS
1,5,11F3B,A-10,303 FIGHTER SQUADRON,TX,WHITEMAN,CONUS
3,4,11F3Y,General,USAFE WAR PREP CENTER,TX,EINSIEDLERHOF,CONUS
3,5,11F3Y,General,USAFE WAR PREP CENTER,TX,EINSIEDLERHOF,CONUS
3,5,12F3W,EWO,USAFE WAR PREP CENTER (DET 3),TX,BANN COMM STA 02,CONUS
4,5,11F4Y,General,USAF IN EUROPE COMMAND,TX,RAMSTEIN,CONUS
8,4,11F3Y,General,USAFE WAR PREP CENTER (DET 1),TX,ALBACETE,CONUS
8,5,11F3Y,General,USAFE WAR PREP CENTER (DET 1),TX,ALBACETE,CONUS
4,3,12F4F,F-15E WSO,USAF IN EUROPE COMMAND (OL A310),TX,RAMSTEIN,CONUS
4,4,11F4Y,General,USAF IN EUROPE COMMAND (OL A310),TX,RAMSTEIN,CONUS
4,5,11F4F,F-15,USAF IN EUROPE COMMAND (OL A310),TX,RAMSTEIN,CONUS
4,6,11F4Y,General,USAF IN EUROPE COMMAND (OL A310),TX,RAMSTEIN,CONUS
4,5,11F4Y,General,USAF IN EUROPE COMMAND (OL A589),TX,RAMSTEIN,CONUS
3,4,11F4B,A-10,603 AIR OPERATIONS CENTER,TX,RAMSTEIN,CONUS
3,5,11F4Y,General,603 AIR OPERATIONS CENTER,TX,RAMSTEIN,CONUS
4,6,11F4Y,General,603 AIR OPERATIONS CENTER,TX,RAMSTEIN,CONUS
8,5,11F4Y,General,USAF IN EUROPE COMMAND (OL SE),TX,RAMSTEIN,CONUS
8,6,11F4Y,General,USAF IN EUROPE COMMAND (OL SE),TX,RAMSTEIN,CONUS
8,5,11F4Y,General,USAFE INSP FLIGHT,TX,RAMSTEIN,CONUS
4,6,11F4H,F-16,ANG READINESS - FOA (OL GERA),TX,RAMSTEIN,CONUS
4,4,11F4Y,General,COMBINED AOC COMMAND,TX,UEDEM,CONUS
4,6,11F4Y,General,JT AIR PWR COMPET CENTER (OL AC3),TX,KALKAR CITY,CONUS
4,4,11F4Y,General,HQ ALLIED AIR COMMAND,TX,RAMSTEIN,CONUS
4,5,11F4Y,General,HQ ALLIED AIR COMMAND,TX,RAMSTEIN,CONUS
4,5,12F4Y,General,AF PERSONNEL CENTER - FOA (OL DP20),TX,JBSA RANDOLPH,CONUS
8,4,11F4Y,General,AIR EDUC AND TRNG COMMAND (OL A2A3),TX,JBSA RANDOLPH,CONUS
8,5,11F4Y,General,AIR EDUC AND TRNG COMMAND (OL A589),TX,JBSA RANDOLPH,CONUS
8,6,11F4Y,General,AIR EDUC AND TRNG COMMAND (OL IGIG),TX,JBSA RANDOLPH,CONUS
8,4,11F4Y,General,AIR EDUC AND TRNG COMMAND (OL SESE),TX,JBSA RANDOLPH,CONUS
4,6,11F4Y,General,AIR EDUC AND TRNG COMMAND (OL IAIA),TX,JBSA RANDOLPH,CONUS
1,4,11F3Q,IFF,12 OPERATIONS GROUP,TX,JBSA RANDOLPH,CONUS
6,3,11F3Q,IFF,12 OPERATIONS SUPPORT SQUADRON,TX,JBSA RANDOLPH,CONUS
1,2,11F3Q,IFF,435 FIGHTER TRNG SQUADRON,TX,JBSA RANDOLPH,CONUS
1,3,11F3Q,IFF,435 FIGHTER TRNG SQUADRON,TX,JBSA RANDOLPH,CONUS
2,4,12F3Y,General,435 FIGHTER TRNG SQUADRON,TX,JBSA RANDOLPH,CONUS
6,5,11F3Q,IFF,435 FIGHTER TRNG SQUADRON,TX,JBSA RANDOLPH,CONUS
4,5,11F4Y,General,AF SEC ASST TRNG SQUADRON,TX,JBSA RANDOLPH,CONUS
8,6,11F4F,F-15,ANG READINESS - FOA (DET 24),TX,JBSA RANDOLPH,CONUS
8,5,11F4H,F-16,HQ AF RESERVE COMMAND (OL A300),TX,ROBINS,CONUS
8,6,11F4Y,General,HQ AF RESERVE COMMAND (OL A300),TX,ROBINS,CONUS
8,5,11F3H,F-16,HQ AF RESERVE COMMAND (OL A31),AZ,DAVIS-MONTHAN,CONUS
1,4,11F3Z,Other,301 FIGHTER SQUADRON,FL,TYNDALL,CONUS
1,5,11F3Z,Other,301 FIGHTER SQUADRON,FL,TYNDALL,CONUS
1,4,11F3Q,IFF,43 FLYING TRAINING SQUADRON,MS,COLUMBUS,CONUS
6,5,11F3Q,IFF,43 FLYING TRAINING SQUADRON,MS,COLUMBUS,CONUS
1,4,11F3Q,IFF,97 FLYING TRAINING SQUADRON,TX,SHEPPARD,CONUS
1,5,11F3Q,IFF,97 FLYING TRAINING SQUADRON,TX,SHEPPARD,CONUS
1,4,11F3Q,IFF,39 FLYING TRAINING SQUADRON,TX,JBSA RANDOLPH,CONUS
6,5,11F3Q,IFF,39 FLYING TRAINING SQUADRON,TX,JBSA RANDOLPH,CONUS
6,3,11F3G,F-15E,4 OPERATIONS GROUP,NC,SEYMOUR JOHNSON,CONUS
6,5,11F3G,F-15E,4 OPERATIONS GROUP,NC,SEYMOUR JOHNSON,CONUS
6,3,12F3F,F-15E WSO,4 OPERATIONS SUPPORT SQUADRON,NC,SEYMOUR JOHNSON,CONUS
6,4,12F3F,F-15E WSO,4 OPERATIONS SUPPORT SQUADRON,NC,SEYMOUR JOHNSON,CONUS
6,5,11F3G,F-15E,4 OPERATIONS SUPPORT SQUADRON,NC,SEYMOUR JOHNSON,CONUS
1,2,11F3G,F-15E,334 FIGHTER SQUADRON,NC,SEYMOUR JOHNSON,CONUS
2,3,12F3F,F-15E WSO,334 FIGHTER SQUADRON,NC,SEYMOUR JOHNSON,CONUS
1,4,11F3G,F-15E,334 FIGHTER SQUADRON,NC,SEYMOUR JOHNSON,CONUS
6,5,11F3G,F-15E,334 FIGHTER SQUADRON,NC,SEYMOUR JOHNSON,CONUS
1,2,11F3G,F-15E,335 FIGHTER SQUADRON,NC,SEYMOUR JOHNSON,CONUS
1,3,11F3G,F-15E,335 FIGHTER SQUADRON,NC,SEYMOUR JOHNSON,CONUS
2,4,12F3F,F-15E WSO,335 FIGHTER SQUADRON,NC,SEYMOUR JOHNSON,CONUS
6,5,11F3G,F-15E,335 FIGHTER SQUADRON,NC,SEYMOUR JOHNSON,CONUS
1,2,11F3G,F-15E,336 FIGHTER SQUADRON,NC,SEYMOUR JOHNSON,CONUS
2,3,12F3F,F-15E WSO,336 FIGHTER SQUADRON,NC,SEYMOUR JOHNSON,CONUS
2,4,12F3F,F-15E WSO,336 FIGHTER SQUADRON,NC,SEYMOUR JOHNSON,CONUS
6,5,11F3G,F-15E,336 FIGHTER SQUADRON,NC,SEYMOUR JOHNSON,CONUS
6,4,12F3F,F-15E WSO,4 FIGHTER WING,NC,SEYMOUR JOHNSON,CONUS
6,5,12F3F,F-15E WSO,4 FIGHTER WING,NC,SEYMOUR JOHNSON,CONUS
2,2,12F3F,F-15E WSO,333 FIGHTER SQUADRON,NC,SEYMOUR JOHNSON,CONUS
1,3,11F3G,F-15E,333 FIGHTER SQUADRON,NC,SEYMOUR JOHNSON,CONUS
1,4,11F3G,F-15E,333 FIGHTER SQUADRON,NC,SEYMOUR JOHNSON,CONUS
6,5,11F3G,F-15E,333 FIGHTER SQUADRON,NC,SEYMOUR JOHNSON,CONUS
6,3,11F3G,F-15E,ACC TRAINING SPT SQUADRON (DET 15),NC,SEYMOUR JOHNSON,CONUS
6,5,12F3F,F-15E WSO,ACC TRAINING SPT SQUADRON (DET 15),NC,SEYMOUR JOHNSON,CONUS
1,2,11F3G,F-15E,4 TRAINING SQUADRON,NC,SEYMOUR JOHNSON,CONUS
6,3,12F3F,F-15E WSO,4 TRAINING SQUADRON,NC,SEYMOUR JOHNSON,CONUS
6,4,11F3G,F-15E,4 TRAINING SQUADRON,NC,SEYMOUR JOHNSON,CONUS
6,5,11F3G,F-15E,4 TRAINING SQUADRON,NC,SEYMOUR JOHNSON,CONUS
1,2,11F3H,F-16,77 FIGHTER SQUADRON,SC,SHAW,CONUS
1,3,11F3H,F-16,77 FIGHTER SQUADRON,SC,SHAW,CONUS
1,4,11F3H,F-16,77 FIGHTER SQUADRON,SC,SHAW,CONUS
6,5,11F3H,F-16,77 FIGHTER SQUADRON,SC,SHAW,CONUS
4,4,11F4Y,General,609 AIR OPERATIONS CENTER (DET 1),SC,SHAW,CONUS
4,5,11F3Y,General,609 AIR OPERATIONS CENTER (DET 1),SC,SHAW,CONUS
1,2,11F3H,F-16,79 FIGHTER SQUADRON,SC,SHAW,CONUS
1,3,11F3H,F-16,79 FIGHTER SQUADRON,SC,SHAW,CONUS
1,4,11F3H,F-16,79 FIGHTER SQUADRON,SC,SHAW,CONUS
6,5,11F3H,F-16,79 FIGHTER SQUADRON,SC,SHAW,CONUS
4,4,11F4H,F-16,USAFCENT,SC,SHAW,CONUS
4,5,12F4F,F-15E WSO,USAFCENT,SC,SHAW,CONUS
4,6,11F4Y,General,USAFCENT,SC,SHAW,CONUS
6,3,11F3H,F-16,20 FIGHTER WING,SC,SHAW,CONUS
6,4,11F3H,F-16,20 FIGHTER WING,SC,SHAW,CONUS
6,5,11F3H,F-16,20 FIGHTER WING,SC,SHAW,CONUS
6,3,11F3H,F-16,20 OPERATIONS SUPPORT SQUADRON,SC,SHAW,CONUS
6,4,11F3H,F-16,20 OPERATIONS SUPPORT SQUADRON,SC,SHAW,CONUS
6,5,11F3H,F-16,20 OPERATIONS SUPPORT SQUADRON,SC,SHAW,CONUS
6,3,11F3H,F-16,20 OPERATIONS GROUP,SC,SHAW,CONUS
6,5,11F3H,F-16,20 OPERATIONS GROUP,SC,SHAW,CONUS
8,4,11F4B,A-10,9 AIR FORCE,SC,SHAW,CONUS
8,5,11F4H,F-16,9 AIR FORCE,SC,SHAW,CONUS
8,6,11F4Y,General,9 AIR FORCE,SC,SHAW,CONUS
1,2,11F3H,F-16,316 FIGHTER SQUADRON,TX,MC ENTIRE,CONUS
1,3,11F3H,F-16,316 FIGHTER SQUADRON,TX,MC ENTIRE,CONUS
6,5,11F3H,F-16,316 FIGHTER SQUADRON,TX,MC ENTIRE,CONUS
8,4,11F4Y,General,AFCENT AIR WARFARE CENTER,TX,AL DHAFRA,CONUS
4,5,11F4Y,General,AFCENT AIR WARFARE CENTER,TX,AL DHAFRA,CONUS
8,6,11F4Y,General,AFCENT AIR WARFARE CENTER,TX,AL DHAFRA,CONUS
1,2,11F3F,F-15,315 FIGHTER SQUADRON (OL C),TX,WESTFIELD BARNES,CONUS
1,2,11F3H,F-16,355 FIGHTER SQUADRON (OL A),TX,TULSA INTL,CONUS
1,2,11F3H,F-16,378 FIGHTER SQUADRON (OL A),TX,DULUTH INTL,CONUS
1,2,11F3H,F-16,378 FIGHTER SQUADRON (OL B),TX,JOE FOSS FIELD,CONUS
1,2,11F3F,F-15,378 FIGHTER SQUADRON (OL C),TX,PORTLAND INTL,CONUS
1,2,11F3F,F-15,378 FIGHTER SQUADRON (OL D),TX,FRESNO IAP,CONUS
1,2,11F3H,F-16,378 FIGHTER SQUADRON (OL E),CO,BUCKLEY,CONUS
1,2,11F3H,F-16,378 FIGHTER SQUADRON (OL F),TX,TOLEDO EXPRESS,CONUS
6,5,11F3Y,General,USAFCENT (DET 8),TX,AL DHAFRA,CONUS
1,2,11F3H,F-16,55 FIGHTER SQUADRON,SC,SHAW,CONUS
1,3,11F3H,F-16,55 FIGHTER SQUADRON,SC,SHAW,CONUS
1,4,11F3H,F-16,55 FIGHTER SQUADRON,SC,SHAW,CONUS
6,5,11F3H,F-16,55 FIGHTER SQUADRON,SC,SHAW,CONUS
1,2,11F3H,F-16,367 FIGHTER SQUADRON,TX,HOMESTEAD,CONUS
1,3,11F3H,F-16,367 FIGHTER SQUADRON,TX,HOMESTEAD,CONUS
6,5,11F3H,F-16,367 FIGHTER SQUADRON,TX,HOMESTEAD,CONUS
1,2,11F3H,F-16,355 FIGHTER SQUADRON,TX,FORT WORTH NAS JR,CONUS
1,3,11F3H,F-16,355 FIGHTER SQUADRON,TX,FORT WORTH NAS JR,CONUS
6,5,11F3H,F-16,355 FIGHTER SQUADRON,TX,FORT WORTH NAS JR,CONUS
1,2,11F3H,F-16,377 FIGHTER SQUADRON,TX,MONTGOMERY,CONUS
6,5,11F3H,F-16,377 FIGHTER SQUADRON,TX,MONTGOMERY,CONUS
1,2,11F3H,F-16,378 FIGHTER SQUADRON,TX,DANE CO REGIONAL,CONUS
6,5,11F3H,F-16,378 FIGHTER SQUADRON,TX,DANE CO REGIONAL,CONUS
6,5,11F3H,F-16,384 FIGHTER SQUADRON,TX,DULUTH INTL,CONUS
6,5,11F3H,F-16,383 FIGHTER SQUADRON,CO,BUCKLEY,CONUS
6,5,11F3H,F-16,379 FIGHTER SQUADRON,TX,JOE FOSS FIELD,CONUS
1,2,11F3H,F-16,315 FIGHTER SQUADRON,TX,BURLINGTON,CONUS
6,4,11F3H,F-16,315 FIGHTER SQUADRON,TX,BURLINGTON,CONUS
1,2,11F3F,F-15,367 FIGHTER SQUADRON (OL A),TX,JACKSONVILLE,CONUS
1,2,11F3F,F-15,377 FIGHTER SQUADRON (OL A),TX,NEW ORLEANS NAS,CONUS
1,2,11F3H,F-16,315 FIGHTER SQUADRON (OL A),TX,ATLANTIC CITY MUN,CONUS
1,2,11F3H,F-16,315 FIGHTER SQUADRON (OL B),TX,JB ANDREWS,CONUS
1,3,11F3Q,IFF,80 OPERATIONS SUPPORT SQUADRON,TX,SHEPPARD,CONUS
6,3,11F3Q,IFF,80 FLYING TRAINING WING,TX,SHEPPARD,CONUS
1,3,11F3Q,IFF,80 OPERATIONS GROUP,TX,SHEPPARD,CONUS
1,4,11F3Q,IFF,80 OPERATIONS GROUP,TX,SHEPPARD,CONUS
6,6,11F3Y,General,80 OPERATIONS GROUP,TX,SHEPPARD,CONUS
1,2,11F3Q,IFF,88 FIGHTER TRNG SQUADRON,TX,SHEPPARD,CONUS
1,3,11F3Q,IFF,88 FIGHTER TRNG SQUADRON,TX,SHEPPARD,CONUS
1,4,11F3Q,IFF,88 FIGHTER TRNG SQUADRON,TX,SHEPPARD,CONUS
6,5,11F3Q,IFF,88 FIGHTER TRNG SQUADRON,TX,SHEPPARD,CONUS
6,3,11F3H,F-16,52 FIGHTER WING,TX,SPANGDAHLEM AB,CONUS
6,4,11F3H,F-16,52 FIGHTER WING,TX,SPANGDAHLEM AB,CONUS
6,3,11F3H,F-16,52 OPERATIONS GROUP,TX,SPANGDAHLEM AB,CONUS
6,2,11F3H,F-16,52 OPERATIONS SUPPORT SQUADRON,TX,SPANGDAHLEM AB,CONUS
6,3,11F3H,F-16,52 OPERATIONS SUPPORT SQUADRON,TX,SPANGDAHLEM AB,CONUS
6,5,11F3H,F-16,52 OPERATIONS SUPPORT SQUADRON,TX,SPANGDAHLEM AB,CONUS
1,2,11F3H,F-16,480 FIGHTER SQUADRON,TX,SPANGDAHLEM AB,CONUS
1,3,11F3H,F-16,480 FIGHTER SQUADRON,TX,SPANGDAHLEM AB,CONUS
1,4,11F3H,F-16,480 FIGHTER SQUADRON,TX,SPANGDAHLEM AB,CONUS
6,5,11F3H,F-16,480 FIGHTER SQUADRON,TX,SPANGDAHLEM AB,CONUS
6,5,11F3Y,General,52 OPERATIONS GROUP (DET 1),TX,LASK,CONUS
6,3,11F3Y,General,AF FLT STD AGENCY - FOA,TX,WILL ROGERS WORLD,CONUS
6,4,11F3Y,General,AF FLT STD AGENCY - FOA,TX,WILL ROGERS WORLD,CONUS
8,5,11F4Y,General,AF FLT STD AGENCY - FOA,TX,WILL ROGERS WORLD,CONUS
1,3,11F3F,F-15,433 WEAPONS SQUADRON (OL A),TX,FRESNO IAP,CONUS
8,6,11F4Y,General,1 AIR FORCE,FL,TYNDALL,CONUS
6,3,11F3Z,Other,325 FIGHTER WING,FL,TYNDALL,CONUS
6,4,11F3J,F-22,325 FIGHTER WING,FL,TYNDALL,CONUS
6,5,11F3Y,General,325 FIGHTER WING,FL,TYNDALL,CONUS
1,3,11F3Z,Other,82 AERIAL TARGETS SQUADRON,FL,TYNDALL,CONUS
6,4,11F3Z,Other,82 AERIAL TARGETS SQUADRON,FL,TYNDALL,CONUS
6,5,11F3Z,Other,82 AERIAL TARGETS SQUADRON,FL,TYNDALL,CONUS
1,2,11F3F,F-15,83 FIGHTER WEAPONS SQUADRON,FL,TYNDALL,CONUS
1,3,11F3Y,General,83 FIGHTER WEAPONS SQUADRON,FL,TYNDALL,CONUS
1,4,11F3J,F-22,83 FIGHTER WEAPONS SQUADRON,FL,TYNDALL,CONUS
6,5,11F3Y,General,83 FIGHTER WEAPONS SQUADRON,FL,TYNDALL,CONUS
1,2,11F3J,F-22,43 FIGHTER SQUADRON,FL,TYNDALL,CONUS
1,3,11F3J,F-22,43 FIGHTER SQUADRON,FL,TYNDALL,CONUS
1,4,11F3J,F-22,43 FIGHTER SQUADRON,FL,TYNDALL,CONUS
6,5,11F3J,F-22,43 FIGHTER SQUADRON,FL,TYNDALL,CONUS
6,3,11F3Z,Other,325 OPERATIONS GROUP,FL,TYNDALL,CONUS
6,5,11F3Y,General,325 OPERATIONS GROUP,FL,TYNDALL,CONUS
6,3,11F3Y,General,325 TRAINING SUPPORT SQUADRON,FL,TYNDALL,CONUS
6,4,11F3J,F-22,325 TRAINING SUPPORT SQUADRON,FL,TYNDALL,CONUS
6,5,11F3Y,General,325 TRAINING SUPPORT SQUADRON,FL,TYNDALL,CONUS
6,3,11F3J,F-22,325 OPERATIONS SUPPORT SQUADRON,FL,TYNDALL,CONUS
6,4,11F3Y,General,325 OPERATIONS SUPPORT SQUADRON,FL,TYNDALL,CONUS
6,5,11F3J,F-22,325 OPERATIONS SUPPORT SQUADRON,FL,TYNDALL,CONUS
6,5,11F3H,F-16,53 TEST SUPPORT SQUADRON,FL,TYNDALL,CONUS
1,2,11F3J,F-22,95 FIGHTER SQUADRON,FL,TYNDALL,CONUS
1,3,11F3J,F-22,95 FIGHTER SQUADRON,FL,TYNDALL,CONUS
1,4,11F3J,F-22,95 FIGHTER SQUADRON,FL,TYNDALL,CONUS
6,5,11F3J,F-22,95 FIGHTER SQUADRON,FL,TYNDALL,CONUS
1,2,11F3Z,Other,2 FIGHTER TRNG SQUADRON,FL,TYNDALL,CONUS
1,3,11F3Z,Other,2 FIGHTER TRNG SQUADRON,FL,TYNDALL,CONUS
1,4,11F3Z,Other,2 FIGHTER TRNG SQUADRON,FL,TYNDALL,CONUS
6,5,11F3Z,Other,2 FIGHTER TRNG SQUADRON,FL,TYNDALL,CONUS
4,4,11F4B,A-10,1 AIR FORCE (OL ANG0),FL,TYNDALL,CONUS
8,5,11F4Y,General,1 AIR FORCE (OL ANG0),FL,TYNDALL,CONUS
4,6,11F4F,F-15,1 AIR FORCE (OL ANG0),FL,TYNDALL,CONUS
6,5,11F3H,F-16,482 OPERATIONS GROUP (DET 1),SC,SHAW,CONUS
1,4,11F3Y,General,706 FIGHTER SQUADRON,NV,NELLIS,CONUS
6,5,11F3Y,General,706 FIGHTER SQUADRON,NV,NELLIS,CONUS
1,2,11F3B,A-10,358 FIGHTER SQUADRON (OL A),TX,SELFRIDGE,CONUS
1,2,11F3B,A-10,358 FIGHTER SQUADRON (OL B),TX,FORT WAYNE,CONUS
1,2,11F3B,A-10,358 FIGHTER SQUADRON (OL C),TX,MARTIN STATE,CONUS
1,2,11F3B,A-10,358 FIGHTER SQUADRON (OL D),TX,BOISE AIR TERMINA,CONUS
1,2,11F3B,A-10,358 FIGHTER SQUADRON,TX,WHITEMAN,CONUS
1,3,11F3B,A-10,358 FIGHTER SQUADRON,TX,WHITEMAN,CONUS
6,5,11F3B,A-10,358 FIGHTER SQUADRON,TX,WHITEMAN,CONUS
4,4,12F4F,F-15E WSO,AFELM US ARMY-CGSC COLLEGE,TX,FT LEAVENWORTH,CONUS
4,6,11F4Y,General,AFELM US ARMY-CGSC COLLEGE,TX,FT LEAVENWORTH,CONUS
8,4,11F4F,F-15,5 AIR FORCE,TX,YOKOTA,OCONUS
4,5,11F4Y,General,5 AIR FORCE,TX,YOKOTA,OCONUS
8,6,11F4Y,General,5 AIR FORCE,TX,YOKOTA,OCONUS
4,5,11F4Y,General,AFELM US FOR JAPAN US PACIFIC COMMAND (OL Q00),TX,YOKOTA,OCONUS
4,6,11F4Y,General,AFELM US FOR JAPAN US PACIFIC COMMAND (OL Q00),TX,YOKOTA,OCONUS
